item_count,payment_method,hour_of_day,day_of_week,service_seconds,data_source
23,cash,14,3,178,synthetic_simulation
11,cash,17,5,120,synthetic_simulation
25,upi,10,0,166,synthetic_simulation
20,cash,16,4,165,synthetic_simulation
27,upi,18,5,193,synthetic_simulation
32,upi,21,6,211,synthetic_simulation
15,cash,13,2,129,synthetic_simulation
12,upi,16,1,135,synthetic_simulation
11,cash,15,5,82,synthetic_simulation
25,upi,13,0,187,synthetic_simulation
10,upi,17,5,116,synthetic_simulation
19,upi,16,4,145,synthetic_simulation
17,card,19,4,132,synthetic_simulation
15,cash,9,2,152,synthetic_simulation
5,upi,11,0,63,synthetic_simulation
11,upi,16,4,73,synthetic_simulation
10,upi,16,2,69,synthetic_simulation
12,upi,20,2,115,synthetic_simulation
18,card,17,1,120,synthetic_simulation
16,card,9,2,158,synthetic_simulation
10,upi,15,5,114,synthetic_simulation
10,upi,19,6,142,synthetic_simulation
20,card,20,2,190,synthetic_simulation
18,upi,19,0,136,synthetic_simulation
17,upi,15,0,108,synthetic_simulation
20,card,10,1,97,synthetic_simulation
7,upi,11,0,67,synthetic_simulation
49,upi,20,4,326,synthetic_simulation
4,upi,13,4,59,synthetic_simulation
19,card,18,5,156,synthetic_simulation
7,upi,9,2,64,synthetic_simulation
11,card,15,5,114,synthetic_simulation
12,upi,21,1,122,synthetic_simulation
7,upi,12,1,61,synthetic_simulation
6,card,9,6,58,synthetic_simulation
21,upi,12,6,190,synthetic_simulation
8,upi,9,4,92,synthetic_simulation
36,upi,16,4,212,synthetic_simulation
12,card,11,4,137,synthetic_simulation
32,upi,12,5,192,synthetic_simulation
19,card,16,1,157,synthetic_simulation
11,upi,13,0,107,synthetic_simulation
5,upi,17,1,89,synthetic_simulation
7,upi,21,2,35,synthetic_simulation
11,upi,21,1,89,synthetic_simulation
18,cash,18,3,172,synthetic_simulation
21,upi,21,0,142,synthetic_simulation
16,cash,18,4,172,synthetic_simulation
12,upi,9,4,121,synthetic_simulation
14,upi,21,0,91,synthetic_simulation
28,upi,16,2,192,synthetic_simulation
18,card,9,3,117,synthetic_simulation
31,upi,17,0,207,synthetic_simulation
21,upi,12,4,169,synthetic_simulation
33,cash,15,5,210,synthetic_simulation
25,card,17,2,198,synthetic_simulation
27,upi,9,0,163,synthetic_simulation
10,card,14,3,86,synthetic_simulation
26,upi,9,6,186,synthetic_simulation
31,upi,10,2,177,synthetic_simulation
12,upi,11,5,89,synthetic_simulation
9,card,19,6,130,synthetic_simulation
14,upi,14,1,111,synthetic_simulation
30,card,9,4,168,synthetic_simulation
40,card,18,0,272,synthetic_simulation
33,upi,16,3,194,synthetic_simulation
12,upi,10,6,80,synthetic_simulation
10,card,16,6,57,synthetic_simulation
23,upi,12,1,183,synthetic_simulation
6,upi,17,4,68,synthetic_simulation
28,upi,21,0,155,synthetic_simulation
6,cash,13,1,112,synthetic_simulation
12,upi,18,5,133,synthetic_simulation
10,upi,9,4,75,synthetic_simulation
16,upi,14,2,135,synthetic_simulation
35,upi,20,6,268,synthetic_simulation
14,cash,9,5,156,synthetic_simulation
14,upi,21,0,130,synthetic_simulation
17,card,10,0,136,synthetic_simulation
4,card,15,4,59,synthetic_simulation
27,upi,11,6,177,synthetic_simulation
11,card,9,1,109,synthetic_simulation
27,cash,13,3,181,synthetic_simulation
17,card,16,5,122,synthetic_simulation
7,card,18,6,76,synthetic_simulation
17,upi,13,4,142,synthetic_simulation
18,cash,15,6,153,synthetic_simulation
17,upi,11,6,118,synthetic_simulation
15,card,18,5,155,synthetic_simulation
18,upi,11,4,109,synthetic_simulation
15,upi,20,6,121,synthetic_simulation
7,cash,11,0,105,synthetic_simulation
15,card,17,0,151,synthetic_simulation
18,upi,13,3,128,synthetic_simulation
22,card,21,4,159,synthetic_simulation
16,cash,12,6,141,synthetic_simulation
9,card,21,4,88,synthetic_simulation
14,cash,19,1,142,synthetic_simulation
13,cash,15,6,137,synthetic_simulation
38,cash,15,0,249,synthetic_simulation
28,upi,13,0,196,synthetic_simulation
8,upi,14,5,66,synthetic_simulation
4,cash,15,6,90,synthetic_simulation
8,cash,10,3,106,synthetic_simulation
33,upi,13,0,228,synthetic_simulation
14,upi,20,0,110,synthetic_simulation
5,upi,21,6,87,synthetic_simulation
8,card,9,1,62,synthetic_simulation
9,cash,18,4,107,synthetic_simulation
8,card,12,2,95,synthetic_simulation
8,upi,17,1,70,synthetic_simulation
10,upi,17,4,98,synthetic_simulation
23,cash,20,5,194,synthetic_simulation
14,upi,18,3,90,synthetic_simulation
16,upi,19,3,125,synthetic_simulation
18,upi,19,3,111,synthetic_simulation
32,card,17,4,255,synthetic_simulation
23,upi,14,5,163,synthetic_simulation
17,upi,13,4,140,synthetic_simulation
4,upi,13,1,78,synthetic_simulation
7,cash,13,1,116,synthetic_simulation
22,upi,12,4,179,synthetic_simulation
27,upi,13,4,158,synthetic_simulation
26,upi,16,2,191,synthetic_simulation
40,upi,12,5,278,synthetic_simulation
5,card,13,2,84,synthetic_simulation
16,card,18,2,137,synthetic_simulation
26,upi,13,3,126,synthetic_simulation
18,cash,10,1,123,synthetic_simulation
12,upi,9,4,108,synthetic_simulation
40,cash,18,6,295,synthetic_simulation
17,upi,21,6,142,synthetic_simulation
25,upi,17,3,175,synthetic_simulation
41,cash,9,1,293,synthetic_simulation
18,cash,16,3,163,synthetic_simulation
21,card,12,0,157,synthetic_simulation
6,card,13,4,130,synthetic_simulation
31,card,20,3,193,synthetic_simulation
11,card,19,0,88,synthetic_simulation
17,upi,18,3,130,synthetic_simulation
28,upi,15,5,170,synthetic_simulation
38,card,16,1,227,synthetic_simulation
8,card,20,2,115,synthetic_simulation
16,cash,17,6,155,synthetic_simulation
28,upi,16,4,177,synthetic_simulation
13,upi,10,5,111,synthetic_simulation
23,upi,21,3,111,synthetic_simulation
11,cash,19,3,98,synthetic_simulation
29,upi,13,3,189,synthetic_simulation
7,cash,12,3,90,synthetic_simulation
28,upi,21,1,173,synthetic_simulation
9,upi,21,0,109,synthetic_simulation
19,card,14,5,145,synthetic_simulation
4,upi,12,3,50,synthetic_simulation
29,cash,19,3,199,synthetic_simulation
7,upi,17,4,119,synthetic_simulation
12,upi,20,2,140,synthetic_simulation
26,card,16,6,191,synthetic_simulation
16,cash,16,3,107,synthetic_simulation
12,upi,10,3,104,synthetic_simulation
17,upi,16,3,130,synthetic_simulation
21,card,13,1,164,synthetic_simulation
27,cash,11,1,179,synthetic_simulation
17,cash,19,1,148,synthetic_simulation
31,cash,13,1,211,synthetic_simulation
26,upi,11,1,147,synthetic_simulation
10,upi,21,1,114,synthetic_simulation
21,cash,21,6,182,synthetic_simulation
9,cash,15,2,96,synthetic_simulation
12,card,12,5,132,synthetic_simulation
18,card,11,2,142,synthetic_simulation
8,cash,17,5,158,synthetic_simulation
24,upi,16,5,179,synthetic_simulation
7,upi,17,5,109,synthetic_simulation
28,cash,18,2,209,synthetic_simulation
31,upi,15,0,184,synthetic_simulation
15,upi,17,2,152,synthetic_simulation
26,upi,17,4,193,synthetic_simulation
16,card,19,4,124,synthetic_simulation
26,cash,18,4,207,synthetic_simulation
15,card,9,6,142,synthetic_simulation
9,upi,17,1,60,synthetic_simulation
8,upi,21,3,63,synthetic_simulation
18,upi,16,3,135,synthetic_simulation
25,cash,15,1,145,synthetic_simulation
10,upi,16,4,57,synthetic_simulation
17,card,16,0,125,synthetic_simulation
23,card,14,6,175,synthetic_simulation
27,card,21,0,189,synthetic_simulation
28,upi,9,0,206,synthetic_simulation
19,card,19,1,156,synthetic_simulation
6,card,11,6,76,synthetic_simulation
19,upi,11,6,116,synthetic_simulation
10,upi,16,6,88,synthetic_simulation
4,upi,17,5,92,synthetic_simulation
32,upi,21,6,216,synthetic_simulation
14,card,12,3,134,synthetic_simulation
7,upi,9,0,84,synthetic_simulation
17,cash,12,3,177,synthetic_simulation
27,upi,16,1,174,synthetic_simulation
12,card,13,1,144,synthetic_simulation
16,upi,12,4,119,synthetic_simulation
6,upi,20,1,82,synthetic_simulation
9,upi,16,2,75,synthetic_simulation
21,card,17,2,178,synthetic_simulation
20,upi,18,0,134,synthetic_simulation
10,card,14,4,90,synthetic_simulation
5,card,18,5,58,synthetic_simulation
13,cash,21,3,131,synthetic_simulation
8,card,18,0,123,synthetic_simulation
6,card,12,5,113,synthetic_simulation
30,cash,19,3,233,synthetic_simulation
19,upi,12,1,162,synthetic_simulation
12,card,9,6,124,synthetic_simulation
8,upi,14,6,96,synthetic_simulation
11,card,15,3,113,synthetic_simulation
10,upi,15,3,77,synthetic_simulation
24,upi,12,6,174,synthetic_simulation
39,card,12,1,253,synthetic_simulation
18,upi,20,2,136,synthetic_simulation
18,upi,12,3,114,synthetic_simulation
27,upi,19,2,164,synthetic_simulation
16,cash,12,2,154,synthetic_simulation
12,upi,10,0,115,synthetic_simulation
29,upi,9,1,182,synthetic_simulation
11,cash,12,2,175,synthetic_simulation
20,cash,19,5,158,synthetic_simulation
35,upi,14,2,220,synthetic_simulation
29,upi,18,1,219,synthetic_simulation
5,upi,21,5,90,synthetic_simulation
8,cash,9,2,108,synthetic_simulation
9,upi,10,6,109,synthetic_simulation
14,upi,20,0,124,synthetic_simulation
36,upi,16,0,246,synthetic_simulation
12,upi,17,6,142,synthetic_simulation
4,upi,13,0,58,synthetic_simulation
28,card,19,0,204,synthetic_simulation
21,upi,17,4,129,synthetic_simulation
12,upi,12,2,140,synthetic_simulation
32,cash,17,3,232,synthetic_simulation
3,upi,9,2,79,synthetic_simulation
17,upi,12,2,135,synthetic_simulation
10,upi,11,3,56,synthetic_simulation
19,card,19,1,202,synthetic_simulation
11,upi,18,1,110,synthetic_simulation
54,card,10,1,294,synthetic_simulation
10,upi,20,0,124,synthetic_simulation
16,upi,19,3,169,synthetic_simulation
30,upi,14,3,183,synthetic_simulation
10,upi,11,0,87,synthetic_simulation
20,upi,14,3,142,synthetic_simulation
15,card,16,5,107,synthetic_simulation
37,upi,17,0,223,synthetic_simulation
32,upi,13,2,243,synthetic_simulation
28,cash,10,6,198,synthetic_simulation
7,upi,16,2,59,synthetic_simulation
8,upi,18,0,85,synthetic_simulation
6,upi,12,3,103,synthetic_simulation
10,upi,17,2,67,synthetic_simulation
13,cash,16,1,125,synthetic_simulation
18,cash,15,0,190,synthetic_simulation
17,upi,9,6,166,synthetic_simulation
14,cash,12,5,156,synthetic_simulation
14,upi,13,4,146,synthetic_simulation
23,cash,19,0,207,synthetic_simulation
13,cash,19,6,138,synthetic_simulation
8,upi,20,3,110,synthetic_simulation
10,card,15,3,128,synthetic_simulation
9,card,13,6,88,synthetic_simulation
12,upi,15,3,109,synthetic_simulation
8,upi,19,1,100,synthetic_simulation
6,card,17,1,92,synthetic_simulation
10,upi,16,6,95,synthetic_simulation
34,upi,14,3,211,synthetic_simulation
13,upi,18,4,123,synthetic_simulation
2,card,20,4,91,synthetic_simulation
13,upi,17,1,126,synthetic_simulation
27,upi,14,2,169,synthetic_simulation
23,upi,19,6,158,synthetic_simulation
25,upi,21,1,154,synthetic_simulation
17,card,19,6,155,synthetic_simulation
10,upi,20,1,90,synthetic_simulation
21,card,12,2,181,synthetic_simulation
25,upi,14,0,170,synthetic_simulation
24,card,12,4,199,synthetic_simulation
15,upi,13,2,116,synthetic_simulation
8,cash,18,3,95,synthetic_simulation
12,upi,17,4,133,synthetic_simulation
12,cash,9,4,118,synthetic_simulation
46,upi,18,6,282,synthetic_simulation
4,upi,11,3,72,synthetic_simulation
13,upi,11,1,116,synthetic_simulation
13,upi,16,4,81,synthetic_simulation
4,upi,12,0,99,synthetic_simulation
17,card,21,5,129,synthetic_simulation
18,card,10,2,166,synthetic_simulation
6,card,10,5,58,synthetic_simulation
27,cash,18,1,209,synthetic_simulation
13,upi,12,2,114,synthetic_simulation
6,upi,18,4,48,synthetic_simulation
13,card,17,4,137,synthetic_simulation
23,upi,11,0,118,synthetic_simulation
26,upi,16,0,162,synthetic_simulation
29,upi,15,6,208,synthetic_simulation
9,upi,10,3,75,synthetic_simulation
18,upi,18,5,132,synthetic_simulation
7,upi,20,0,103,synthetic_simulation
17,card,21,3,126,synthetic_simulation
33,card,10,4,201,synthetic_simulation
28,cash,11,6,223,synthetic_simulation
9,upi,19,4,77,synthetic_simulation
4,upi,12,4,65,synthetic_simulation
23,card,17,2,189,synthetic_simulation
22,upi,13,6,146,synthetic_simulation
27,upi,11,2,204,synthetic_simulation
7,card,17,1,91,synthetic_simulation
27,card,11,5,201,synthetic_simulation
6,upi,10,6,91,synthetic_simulation
12,card,15,5,109,synthetic_simulation
7,card,11,1,73,synthetic_simulation
11,cash,11,5,116,synthetic_simulation
6,upi,19,2,96,synthetic_simulation
17,card,15,1,113,synthetic_simulation
3,card,16,6,46,synthetic_simulation
18,upi,10,6,161,synthetic_simulation
14,card,11,2,102,synthetic_simulation
8,card,14,0,93,synthetic_simulation
7,upi,14,1,71,synthetic_simulation
33,upi,14,3,199,synthetic_simulation
15,upi,10,0,139,synthetic_simulation
7,card,20,1,94,synthetic_simulation
17,upi,13,1,131,synthetic_simulation
12,upi,19,6,114,synthetic_simulation
6,upi,14,2,60,synthetic_simulation
8,card,15,2,74,synthetic_simulation
20,card,10,2,136,synthetic_simulation
12,upi,17,0,143,synthetic_simulation
5,upi,9,3,77,synthetic_simulation
26,upi,18,6,181,synthetic_simulation
32,upi,20,5,234,synthetic_simulation
17,card,13,1,116,synthetic_simulation
8,upi,20,0,118,synthetic_simulation
19,card,18,5,183,synthetic_simulation
11,card,9,5,147,synthetic_simulation
11,cash,11,6,135,synthetic_simulation
14,upi,17,4,130,synthetic_simulation
13,upi,18,3,141,synthetic_simulation
4,upi,10,5,54,synthetic_simulation
13,cash,17,4,128,synthetic_simulation
15,card,19,5,139,synthetic_simulation
25,card,10,1,194,synthetic_simulation
16,card,20,6,130,synthetic_simulation
20,upi,15,0,121,synthetic_simulation
10,card,17,0,114,synthetic_simulation
26,card,9,4,187,synthetic_simulation
15,upi,16,4,101,synthetic_simulation
13,cash,14,3,133,synthetic_simulation
24,cash,13,6,219,synthetic_simulation
14,cash,19,6,167,synthetic_simulation
10,card,12,5,122,synthetic_simulation
10,upi,9,1,87,synthetic_simulation
5,card,15,0,103,synthetic_simulation
21,upi,18,0,157,synthetic_simulation
19,card,10,4,157,synthetic_simulation
5,upi,21,4,100,synthetic_simulation
11,cash,17,5,146,synthetic_simulation
12,upi,21,0,81,synthetic_simulation
14,upi,15,1,86,synthetic_simulation
18,upi,10,2,123,synthetic_simulation
7,card,11,4,94,synthetic_simulation
16,upi,15,0,126,synthetic_simulation
7,upi,16,5,120,synthetic_simulation
38,upi,18,0,248,synthetic_simulation
6,upi,19,3,78,synthetic_simulation
29,cash,18,6,199,synthetic_simulation
23,upi,16,1,174,synthetic_simulation
23,upi,9,4,153,synthetic_simulation
21,upi,15,3,116,synthetic_simulation
17,upi,19,5,144,synthetic_simulation
15,upi,20,4,110,synthetic_simulation
2,upi,19,5,62,synthetic_simulation
17,upi,9,2,123,synthetic_simulation
13,upi,14,1,87,synthetic_simulation
25,upi,17,4,168,synthetic_simulation
23,card,12,6,166,synthetic_simulation
22,upi,14,3,135,synthetic_simulation
18,card,10,5,123,synthetic_simulation
9,card,11,6,88,synthetic_simulation
18,cash,9,4,129,synthetic_simulation
34,upi,21,5,223,synthetic_simulation
31,card,20,3,217,synthetic_simulation
12,cash,14,5,143,synthetic_simulation
16,cash,9,2,169,synthetic_simulation
4,card,13,3,93,synthetic_simulation
3,upi,14,0,63,synthetic_simulation
9,cash,11,1,114,synthetic_simulation
10,card,17,4,118,synthetic_simulation
18,upi,21,5,135,synthetic_simulation
26,upi,19,0,181,synthetic_simulation
6,cash,20,0,82,synthetic_simulation
18,upi,19,0,157,synthetic_simulation
35,card,9,3,218,synthetic_simulation
17,upi,16,2,149,synthetic_simulation
13,card,16,0,127,synthetic_simulation
14,upi,10,5,103,synthetic_simulation
12,card,10,3,128,synthetic_simulation
24,upi,16,0,112,synthetic_simulation
24,cash,18,4,223,synthetic_simulation
38,upi,11,6,208,synthetic_simulation
9,upi,15,2,93,synthetic_simulation
15,upi,9,6,127,synthetic_simulation
22,upi,10,2,168,synthetic_simulation
16,cash,16,0,129,synthetic_simulation
19,upi,16,0,94,synthetic_simulation
15,upi,18,0,122,synthetic_simulation
5,card,20,2,82,synthetic_simulation
11,upi,11,2,57,synthetic_simulation
16,upi,13,3,133,synthetic_simulation
2,card,20,3,51,synthetic_simulation
40,upi,9,6,254,synthetic_simulation
15,cash,19,0,140,synthetic_simulation
29,card,21,6,230,synthetic_simulation
20,upi,10,1,133,synthetic_simulation
22,card,10,6,169,synthetic_simulation
20,cash,17,0,165,synthetic_simulation
31,upi,15,0,163,synthetic_simulation
12,card,21,0,102,synthetic_simulation
18,upi,16,2,142,synthetic_simulation
8,upi,17,6,110,synthetic_simulation
13,card,12,3,119,synthetic_simulation
29,upi,13,1,170,synthetic_simulation
9,upi,11,4,96,synthetic_simulation
10,upi,10,3,97,synthetic_simulation
9,card,10,4,106,synthetic_simulation
13,card,20,5,126,synthetic_simulation
9,upi,9,5,60,synthetic_simulation
18,upi,15,1,138,synthetic_simulation
28,cash,15,3,194,synthetic_simulation
11,upi,9,4,119,synthetic_simulation
17,upi,19,3,138,synthetic_simulation
9,upi,15,6,89,synthetic_simulation
7,card,10,6,95,synthetic_simulation
11,upi,10,5,89,synthetic_simulation
24,cash,18,1,177,synthetic_simulation
21,card,17,3,162,synthetic_simulation
25,upi,14,5,152,synthetic_simulation
10,upi,14,1,85,synthetic_simulation
8,upi,9,4,114,synthetic_simulation
28,upi,9,1,196,synthetic_simulation
7,card,15,0,87,synthetic_simulation
9,upi,13,1,126,synthetic_simulation
20,cash,12,6,160,synthetic_simulation
25,card,13,6,234,synthetic_simulation
17,upi,16,5,121,synthetic_simulation
19,cash,12,1,200,synthetic_simulation
24,upi,13,5,214,synthetic_simulation
11,upi,12,1,76,synthetic_simulation
12,upi,17,0,139,synthetic_simulation
27,cash,9,1,184,synthetic_simulation
7,upi,20,0,78,synthetic_simulation
10,upi,16,4,98,synthetic_simulation
4,upi,12,4,55,synthetic_simulation
19,upi,18,0,156,synthetic_simulation
9,upi,21,0,67,synthetic_simulation
8,card,9,3,89,synthetic_simulation
19,cash,11,0,174,synthetic_simulation
32,card,10,5,217,synthetic_simulation
17,upi,9,2,117,synthetic_simulation
10,upi,18,2,113,synthetic_simulation
9,upi,11,0,59,synthetic_simulation
32,upi,13,4,196,synthetic_simulation
25,card,19,5,182,synthetic_simulation
13,upi,16,5,124,synthetic_simulation
12,cash,17,3,137,synthetic_simulation
16,upi,10,1,128,synthetic_simulation
16,card,21,0,125,synthetic_simulation
47,cash,10,2,273,synthetic_simulation
13,card,18,3,151,synthetic_simulation
34,cash,17,0,225,synthetic_simulation
7,card,14,0,89,synthetic_simulation
17,upi,19,1,135,synthetic_simulation
10,upi,20,0,113,synthetic_simulation
5,upi,9,0,54,synthetic_simulation
17,cash,21,3,159,synthetic_simulation
20,upi,12,5,183,synthetic_simulation
17,cash,19,3,172,synthetic_simulation
16,upi,19,0,135,synthetic_simulation
6,card,16,2,69,synthetic_simulation
14,upi,20,0,173,synthetic_simulation
12,cash,19,4,112,synthetic_simulation
25,upi,15,1,178,synthetic_simulation
18,upi,11,2,134,synthetic_simulation
9,cash,14,6,106,synthetic_simulation
20,upi,20,4,155,synthetic_simulation
29,upi,11,5,179,synthetic_simulation
1,cash,21,2,70,synthetic_simulation
8,cash,11,6,108,synthetic_simulation
21,upi,17,5,211,synthetic_simulation
23,card,17,3,193,synthetic_simulation
13,upi,11,4,113,synthetic_simulation
17,upi,15,4,134,synthetic_simulation
8,card,10,1,119,synthetic_simulation
23,upi,13,1,149,synthetic_simulation
16,upi,21,4,115,synthetic_simulation
16,upi,9,3,84,synthetic_simulation
15,cash,20,5,161,synthetic_simulation
25,upi,17,3,192,synthetic_simulation
25,upi,18,0,159,synthetic_simulation
41,cash,12,4,298,synthetic_simulation
48,cash,21,4,279,synthetic_simulation
6,upi,12,2,77,synthetic_simulation
16,cash,15,5,144,synthetic_simulation
11,upi,9,2,123,synthetic_simulation
13,upi,20,0,102,synthetic_simulation
17,upi,18,0,143,synthetic_simulation
17,upi,11,6,143,synthetic_simulation
11,card,17,2,125,synthetic_simulation
24,upi,11,2,168,synthetic_simulation
23,cash,14,2,183,synthetic_simulation
11,upi,15,5,90,synthetic_simulation
21,upi,21,4,173,synthetic_simulation
17,upi,13,6,141,synthetic_simulation
4,upi,9,6,61,synthetic_simulation
21,cash,14,6,190,synthetic_simulation
27,card,21,2,168,synthetic_simulation
10,card,19,4,116,synthetic_simulation
13,card,9,2,98,synthetic_simulation
7,upi,9,4,120,synthetic_simulation
13,upi,18,5,165,synthetic_simulation
6,upi,18,1,81,synthetic_simulation
27,cash,16,6,205,synthetic_simulation
48,upi,10,2,275,synthetic_simulation
22,upi,12,6,162,synthetic_simulation
20,card,20,5,167,synthetic_simulation
14,upi,10,0,108,synthetic_simulation
10,upi,11,2,62,synthetic_simulation
18,upi,14,2,133,synthetic_simulation
26,upi,18,5,187,synthetic_simulation
9,upi,19,5,110,synthetic_simulation
6,cash,16,0,85,synthetic_simulation
10,card,15,5,96,synthetic_simulation
17,upi,14,1,139,synthetic_simulation
30,card,9,2,204,synthetic_simulation
8,card,12,1,125,synthetic_simulation
13,card,11,1,120,synthetic_simulation
15,cash,9,3,127,synthetic_simulation
28,card,18,0,209,synthetic_simulation
40,upi,13,0,214,synthetic_simulation
15,upi,15,5,157,synthetic_simulation
30,upi,11,2,192,synthetic_simulation
18,upi,16,4,168,synthetic_simulation
17,cash,10,6,131,synthetic_simulation
9,card,17,0,85,synthetic_simulation
33,upi,18,5,228,synthetic_simulation
10,cash,13,0,127,synthetic_simulation
13,card,11,5,123,synthetic_simulation
15,upi,19,2,131,synthetic_simulation
29,cash,11,0,188,synthetic_simulation
28,upi,11,1,150,synthetic_simulation
24,upi,13,2,177,synthetic_simulation
21,upi,21,5,126,synthetic_simulation
14,cash,15,4,101,synthetic_simulation
16,upi,12,5,132,synthetic_simulation
12,upi,15,0,107,synthetic_simulation
30,card,13,6,250,synthetic_simulation
5,cash,17,3,113,synthetic_simulation
13,upi,14,0,129,synthetic_simulation
17,upi,16,6,141,synthetic_simulation
11,cash,14,5,124,synthetic_simulation
6,card,15,0,122,synthetic_simulation
24,upi,14,3,134,synthetic_simulation
7,upi,14,6,73,synthetic_simulation
2,upi,21,4,44,synthetic_simulation
8,card,12,1,116,synthetic_simulation
16,upi,19,4,115,synthetic_simulation
22,card,18,1,183,synthetic_simulation
23,upi,15,2,163,synthetic_simulation
21,card,13,1,179,synthetic_simulation
16,upi,15,4,133,synthetic_simulation
17,cash,20,6,188,synthetic_simulation
16,upi,11,0,118,synthetic_simulation
25,upi,16,4,172,synthetic_simulation
15,upi,18,1,114,synthetic_simulation
22,upi,17,5,150,synthetic_simulation
24,upi,10,0,189,synthetic_simulation
34,card,15,2,199,synthetic_simulation
9,cash,11,1,113,synthetic_simulation
19,upi,21,6,149,synthetic_simulation
23,upi,13,0,188,synthetic_simulation
12,upi,14,4,69,synthetic_simulation
17,card,20,0,160,synthetic_simulation
21,upi,14,4,142,synthetic_simulation
16,upi,11,5,114,synthetic_simulation
13,upi,20,5,119,synthetic_simulation
13,upi,17,0,136,synthetic_simulation
18,card,16,5,154,synthetic_simulation
30,upi,9,2,185,synthetic_simulation
19,upi,14,4,113,synthetic_simulation
11,cash,14,6,98,synthetic_simulation
16,upi,12,0,146,synthetic_simulation
11,card,16,2,78,synthetic_simulation
30,upi,12,6,205,synthetic_simulation
18,cash,15,0,193,synthetic_simulation
20,card,19,1,167,synthetic_simulation
26,upi,18,3,195,synthetic_simulation
17,cash,12,6,141,synthetic_simulation
24,upi,11,2,136,synthetic_simulation
6,upi,9,2,84,synthetic_simulation
14,card,13,5,131,synthetic_simulation
15,card,9,0,142,synthetic_simulation
23,upi,10,2,155,synthetic_simulation
8,upi,21,2,143,synthetic_simulation
21,upi,20,2,148,synthetic_simulation
13,card,16,4,118,synthetic_simulation
17,cash,19,1,140,synthetic_simulation
14,upi,15,2,129,synthetic_simulation
13,cash,16,6,136,synthetic_simulation
35,upi,20,5,216,synthetic_simulation
19,card,10,6,142,synthetic_simulation
42,cash,13,4,303,synthetic_simulation
43,card,10,4,282,synthetic_simulation
7,upi,19,1,65,synthetic_simulation
21,upi,19,1,150,synthetic_simulation
9,upi,18,3,133,synthetic_simulation
24,card,16,2,163,synthetic_simulation
3,cash,15,5,83,synthetic_simulation
9,upi,9,0,104,synthetic_simulation
17,upi,19,6,121,synthetic_simulation
34,upi,20,1,205,synthetic_simulation
23,card,21,2,156,synthetic_simulation
6,upi,13,2,107,synthetic_simulation
16,upi,11,6,145,synthetic_simulation
16,card,17,5,160,synthetic_simulation
9,upi,9,0,83,synthetic_simulation
28,card,9,5,212,synthetic_simulation
21,upi,19,4,156,synthetic_simulation
15,upi,21,0,126,synthetic_simulation
19,card,14,5,164,synthetic_simulation
20,card,15,0,177,synthetic_simulation
26,upi,16,2,168,synthetic_simulation
13,card,10,1,106,synthetic_simulation
20,upi,11,0,163,synthetic_simulation
7,upi,12,3,115,synthetic_simulation
23,cash,19,4,176,synthetic_simulation
11,cash,14,3,93,synthetic_simulation
15,upi,18,2,151,synthetic_simulation
4,cash,11,3,49,synthetic_simulation
33,card,21,1,180,synthetic_simulation
10,upi,20,0,100,synthetic_simulation
11,upi,15,1,96,synthetic_simulation
33,upi,11,0,183,synthetic_simulation
31,card,21,5,209,synthetic_simulation
13,cash,19,4,139,synthetic_simulation
22,upi,15,1,139,synthetic_simulation
11,upi,12,3,145,synthetic_simulation
32,upi,17,3,219,synthetic_simulation
36,upi,13,0,251,synthetic_simulation
11,card,17,6,95,synthetic_simulation
18,upi,19,6,122,synthetic_simulation
13,upi,15,5,118,synthetic_simulation
6,upi,9,5,109,synthetic_simulation
24,card,16,3,146,synthetic_simulation
18,card,20,5,158,synthetic_simulation
10,card,11,3,74,synthetic_simulation
21,upi,21,1,130,synthetic_simulation
8,card,13,1,104,synthetic_simulation
12,card,17,5,117,synthetic_simulation
27,card,18,3,170,synthetic_simulation
16,card,11,5,107,synthetic_simulation
32,cash,9,1,180,synthetic_simulation
14,upi,21,3,117,synthetic_simulation
10,upi,18,0,114,synthetic_simulation
10,cash,17,1,131,synthetic_simulation
15,upi,12,0,111,synthetic_simulation
9,cash,10,1,119,synthetic_simulation
9,card,12,4,118,synthetic_simulation
19,cash,16,0,150,synthetic_simulation
26,upi,18,1,179,synthetic_simulation
15,cash,13,4,133,synthetic_simulation
15,card,11,1,124,synthetic_simulation
14,upi,12,3,152,synthetic_simulation
14,upi,21,6,135,synthetic_simulation
18,upi,17,5,144,synthetic_simulation
24,upi,21,0,167,synthetic_simulation
17,cash,9,1,120,synthetic_simulation
22,upi,14,4,161,synthetic_simulation
15,card,14,2,106,synthetic_simulation
15,upi,14,2,126,synthetic_simulation
16,upi,14,3,172,synthetic_simulation
6,cash,10,4,76,synthetic_simulation
41,upi,9,3,294,synthetic_simulation
32,card,19,0,227,synthetic_simulation
16,upi,14,0,105,synthetic_simulation
7,upi,11,0,60,synthetic_simulation
6,upi,13,1,126,synthetic_simulation
18,card,21,5,150,synthetic_simulation
7,upi,15,6,70,synthetic_simulation
15,card,21,3,117,synthetic_simulation
13,card,11,0,118,synthetic_simulation
44,upi,10,0,255,synthetic_simulation
27,upi,16,5,185,synthetic_simulation
16,upi,17,2,164,synthetic_simulation
30,card,21,6,180,synthetic_simulation
13,upi,15,3,115,synthetic_simulation
24,upi,11,6,162,synthetic_simulation
25,upi,16,0,154,synthetic_simulation
17,upi,12,6,163,synthetic_simulation
22,card,11,3,128,synthetic_simulation
19,upi,10,3,91,synthetic_simulation
7,upi,18,3,92,synthetic_simulation
13,upi,17,2,115,synthetic_simulation
19,card,11,4,116,synthetic_simulation
34,card,16,5,189,synthetic_simulation
10,upi,20,5,144,synthetic_simulation
17,upi,19,6,152,synthetic_simulation
17,card,14,2,131,synthetic_simulation
8,upi,9,5,125,synthetic_simulation
29,upi,17,6,220,synthetic_simulation
7,upi,15,0,106,synthetic_simulation
10,upi,20,3,82,synthetic_simulation
21,upi,16,4,121,synthetic_simulation
15,upi,18,3,139,synthetic_simulation
20,upi,15,0,145,synthetic_simulation
38,upi,16,4,249,synthetic_simulation
14,upi,13,2,93,synthetic_simulation
16,upi,14,4,131,synthetic_simulation
9,upi,12,0,116,synthetic_simulation
16,card,15,0,142,synthetic_simulation
43,card,21,4,250,synthetic_simulation
16,cash,13,6,165,synthetic_simulation
13,upi,15,4,90,synthetic_simulation
6,upi,21,6,70,synthetic_simulation
31,upi,10,5,179,synthetic_simulation
41,cash,12,1,258,synthetic_simulation
14,upi,15,0,104,synthetic_simulation
16,upi,14,3,110,synthetic_simulation
9,card,13,4,91,synthetic_simulation
23,upi,19,5,149,synthetic_simulation
15,upi,15,3,149,synthetic_simulation
16,upi,13,6,129,synthetic_simulation
36,card,15,5,235,synthetic_simulation
9,card,20,4,73,synthetic_simulation
17,upi,21,3,148,synthetic_simulation
5,card,12,0,89,synthetic_simulation
9,upi,9,5,82,synthetic_simulation
28,upi,9,4,169,synthetic_simulation
6,cash,14,6,108,synthetic_simulation
23,card,17,0,121,synthetic_simulation
25,cash,9,1,165,synthetic_simulation
19,card,15,4,138,synthetic_simulation
6,upi,14,3,67,synthetic_simulation
13,upi,21,4,149,synthetic_simulation
15,upi,16,3,107,synthetic_simulation
19,upi,14,4,151,synthetic_simulation
33,upi,16,4,234,synthetic_simulation
9,upi,10,1,96,synthetic_simulation
8,upi,15,5,73,synthetic_simulation
15,cash,13,3,121,synthetic_simulation
27,upi,11,4,186,synthetic_simulation
28,upi,14,4,207,synthetic_simulation
20,card,17,5,175,synthetic_simulation
7,card,16,2,104,synthetic_simulation
15,upi,21,0,160,synthetic_simulation
11,card,12,1,130,synthetic_simulation
22,card,18,6,155,synthetic_simulation
5,cash,16,1,82,synthetic_simulation
26,upi,20,1,206,synthetic_simulation
12,upi,20,6,114,synthetic_simulation
18,card,18,1,176,synthetic_simulation
24,upi,14,3,156,synthetic_simulation
23,card,15,2,166,synthetic_simulation
23,card,17,4,167,synthetic_simulation
1,card,19,4,69,synthetic_simulation
17,cash,11,3,144,synthetic_simulation
22,card,20,3,140,synthetic_simulation
5,cash,19,5,94,synthetic_simulation
12,card,10,4,84,synthetic_simulation
8,upi,12,3,86,synthetic_simulation
17,card,12,6,136,synthetic_simulation
24,card,16,0,183,synthetic_simulation
35,cash,11,5,253,synthetic_simulation
17,upi,12,1,147,synthetic_simulation
33,upi,11,2,179,synthetic_simulation
34,cash,9,0,222,synthetic_simulation
6,upi,14,3,45,synthetic_simulation
11,card,13,5,118,synthetic_simulation
11,upi,15,2,106,synthetic_simulation
23,upi,11,4,171,synthetic_simulation
12,upi,12,2,121,synthetic_simulation
6,card,20,5,119,synthetic_simulation
6,upi,19,6,94,synthetic_simulation
26,card,12,5,190,synthetic_simulation
2,card,11,2,73,synthetic_simulation
15,card,21,5,143,synthetic_simulation
10,upi,17,0,94,synthetic_simulation
26,upi,15,6,180,synthetic_simulation
14,card,18,5,130,synthetic_simulation
26,upi,11,4,131,synthetic_simulation
6,upi,14,4,77,synthetic_simulation
20,cash,14,1,132,synthetic_simulation
10,upi,18,3,109,synthetic_simulation
12,upi,11,0,71,synthetic_simulation
13,cash,15,2,108,synthetic_simulation
9,upi,19,4,90,synthetic_simulation
11,upi,11,2,116,synthetic_simulation
12,upi,10,5,95,synthetic_simulation
14,card,19,5,116,synthetic_simulation
16,cash,20,3,156,synthetic_simulation
11,card,14,2,97,synthetic_simulation
52,cash,9,2,326,synthetic_simulation
24,upi,16,3,139,synthetic_simulation
28,card,12,5,208,synthetic_simulation
14,upi,16,0,153,synthetic_simulation
19,cash,10,3,146,synthetic_simulation
12,cash,19,3,133,synthetic_simulation
17,upi,17,2,107,synthetic_simulation
25,cash,17,1,178,synthetic_simulation
12,card,15,5,120,synthetic_simulation
13,upi,11,3,98,synthetic_simulation
11,card,21,4,112,synthetic_simulation
23,cash,12,0,191,synthetic_simulation
35,upi,13,1,202,synthetic_simulation
14,upi,21,1,127,synthetic_simulation
8,cash,9,2,74,synthetic_simulation
14,upi,10,5,101,synthetic_simulation
13,upi,18,4,122,synthetic_simulation
12,card,13,6,154,synthetic_simulation
19,card,16,2,122,synthetic_simulation
6,upi,16,5,78,synthetic_simulation
8,upi,19,1,96,synthetic_simulation
21,cash,17,5,192,synthetic_simulation
15,upi,14,4,135,synthetic_simulation
14,card,16,0,108,synthetic_simulation
16,cash,18,4,168,synthetic_simulation
22,upi,13,3,186,synthetic_simulation
12,cash,11,0,148,synthetic_simulation
7,card,15,5,96,synthetic_simulation
21,cash,21,3,163,synthetic_simulation
4,upi,10,4,51,synthetic_simulation
12,upi,11,4,73,synthetic_simulation
4,card,21,0,62,synthetic_simulation
15,cash,19,2,147,synthetic_simulation
13,cash,10,4,119,synthetic_simulation
6,upi,11,2,80,synthetic_simulation
6,upi,17,6,63,synthetic_simulation
14,upi,19,2,119,synthetic_simulation
8,card,18,3,136,synthetic_simulation
3,cash,20,3,104,synthetic_simulation
12,card,15,0,117,synthetic_simulation
17,upi,20,5,150,synthetic_simulation
24,cash,16,0,168,synthetic_simulation
7,upi,15,3,43,synthetic_simulation
5,upi,17,6,93,synthetic_simulation
7,upi,14,6,36,synthetic_simulation
14,upi,16,1,103,synthetic_simulation
23,card,19,2,174,synthetic_simulation
24,card,21,3,157,synthetic_simulation
8,upi,16,4,118,synthetic_simulation
26,upi,9,1,200,synthetic_simulation
4,upi,17,3,92,synthetic_simulation
31,card,12,5,202,synthetic_simulation
16,upi,12,5,173,synthetic_simulation
33,upi,20,5,233,synthetic_simulation
9,upi,14,6,73,synthetic_simulation
17,card,19,6,151,synthetic_simulation
15,upi,13,3,145,synthetic_simulation
18,upi,16,6,123,synthetic_simulation
34,upi,17,3,223,synthetic_simulation
14,upi,20,4,128,synthetic_simulation
15,upi,11,6,100,synthetic_simulation
11,upi,16,0,89,synthetic_simulation
9,card,14,6,79,synthetic_simulation
14,upi,15,5,130,synthetic_simulation
15,upi,20,6,117,synthetic_simulation
16,cash,10,5,147,synthetic_simulation
7,upi,16,1,49,synthetic_simulation
25,upi,14,2,142,synthetic_simulation
7,upi,20,0,67,synthetic_simulation
11,upi,11,4,89,synthetic_simulation
24,upi,12,3,175,synthetic_simulation
10,cash,10,3,113,synthetic_simulation
40,upi,14,5,210,synthetic_simulation
17,card,9,5,133,synthetic_simulation
25,cash,15,0,166,synthetic_simulation
11,upi,11,6,110,synthetic_simulation
16,card,14,2,121,synthetic_simulation
19,upi,16,5,138,synthetic_simulation
8,upi,17,4,80,synthetic_simulation
10,cash,9,3,137,synthetic_simulation
11,upi,10,1,71,synthetic_simulation
7,cash,13,1,98,synthetic_simulation
9,card,15,5,99,synthetic_simulation
22,upi,20,2,157,synthetic_simulation
20,upi,10,1,124,synthetic_simulation
12,card,9,0,73,synthetic_simulation
19,upi,17,5,141,synthetic_simulation
15,upi,21,2,96,synthetic_simulation
20,upi,19,2,182,synthetic_simulation
27,upi,16,2,213,synthetic_simulation
18,cash,9,4,144,synthetic_simulation
7,upi,16,3,49,synthetic_simulation
14,upi,14,3,122,synthetic_simulation
8,card,14,1,69,synthetic_simulation
39,card,15,2,228,synthetic_simulation
10,cash,16,6,101,synthetic_simulation
15,cash,18,3,135,synthetic_simulation
14,upi,11,6,108,synthetic_simulation
15,upi,9,5,96,synthetic_simulation
9,card,9,4,78,synthetic_simulation
6,upi,14,3,88,synthetic_simulation
14,card,15,5,121,synthetic_simulation
16,upi,19,0,135,synthetic_simulation
30,cash,14,3,164,synthetic_simulation
15,card,15,4,138,synthetic_simulation
8,upi,21,0,67,synthetic_simulation
15,upi,18,1,148,synthetic_simulation
15,cash,17,0,147,synthetic_simulation
25,card,13,3,173,synthetic_simulation
17,card,10,3,100,synthetic_simulation
14,cash,20,3,179,synthetic_simulation
9,upi,16,0,99,synthetic_simulation
11,upi,10,3,109,synthetic_simulation
8,upi,15,6,118,synthetic_simulation
14,card,10,0,120,synthetic_simulation
7,card,21,5,112,synthetic_simulation
21,upi,15,1,134,synthetic_simulation
9,cash,19,0,128,synthetic_simulation
19,upi,15,0,122,synthetic_simulation
12,card,9,0,97,synthetic_simulation
7,upi,17,2,90,synthetic_simulation
10,upi,17,3,80,synthetic_simulation
17,upi,11,4,129,synthetic_simulation
11,card,18,0,109,synthetic_simulation
3,card,11,4,35,synthetic_simulation
15,upi,17,5,125,synthetic_simulation
14,upi,18,0,116,synthetic_simulation
52,card,10,4,317,synthetic_simulation
20,upi,12,0,157,synthetic_simulation
16,card,11,3,151,synthetic_simulation
7,upi,18,4,98,synthetic_simulation
13,cash,12,6,131,synthetic_simulation
19,card,17,3,153,synthetic_simulation
16,upi,14,3,112,synthetic_simulation
16,card,10,5,140,synthetic_simulation
7,upi,20,1,89,synthetic_simulation
14,cash,18,1,128,synthetic_simulation
27,card,12,3,193,synthetic_simulation
33,upi,20,0,224,synthetic_simulation
20,card,18,0,141,synthetic_simulation
30,upi,19,2,207,synthetic_simulation
13,cash,11,1,92,synthetic_simulation
9,cash,9,4,121,synthetic_simulation
14,card,9,3,125,synthetic_simulation
12,upi,16,3,128,synthetic_simulation
21,card,19,3,144,synthetic_simulation
10,upi,20,0,123,synthetic_simulation
41,upi,21,2,258,synthetic_simulation
5,cash,16,0,78,synthetic_simulation
20,upi,17,2,145,synthetic_simulation
24,upi,12,4,152,synthetic_simulation
20,upi,9,6,120,synthetic_simulation
14,cash,11,2,112,synthetic_simulation
20,cash,9,1,132,synthetic_simulation
30,upi,17,4,230,synthetic_simulation
25,upi,15,6,141,synthetic_simulation
19,card,19,2,157,synthetic_simulation
19,upi,10,5,147,synthetic_simulation
31,cash,20,2,229,synthetic_simulation
10,cash,18,4,128,synthetic_simulation
49,card,20,1,318,synthetic_simulation
16,upi,17,1,124,synthetic_simulation
10,card,13,6,118,synthetic_simulation
18,cash,17,2,154,synthetic_simulation
11,upi,16,0,117,synthetic_simulation
13,cash,11,5,164,synthetic_simulation
10,upi,10,0,68,synthetic_simulation
24,cash,17,0,152,synthetic_simulation
31,card,10,5,215,synthetic_simulation
16,upi,10,2,138,synthetic_simulation
19,upi,9,0,168,synthetic_simulation
14,upi,17,6,142,synthetic_simulation
16,upi,21,1,144,synthetic_simulation
12,cash,15,4,146,synthetic_simulation
40,upi,10,1,262,synthetic_simulation
14,cash,15,4,141,synthetic_simulation
8,upi,15,4,56,synthetic_simulation
15,card,16,5,126,synthetic_simulation
10,cash,14,2,111,synthetic_simulation
20,card,15,4,143,synthetic_simulation
32,cash,13,5,233,synthetic_simulation
8,cash,20,5,144,synthetic_simulation
16,card,15,5,118,synthetic_simulation
20,card,13,2,173,synthetic_simulation
30,upi,9,3,193,synthetic_simulation
29,upi,17,6,187,synthetic_simulation
18,upi,13,1,123,synthetic_simulation
33,cash,12,4,202,synthetic_simulation
18,card,15,5,150,synthetic_simulation
21,card,15,3,149,synthetic_simulation
15,cash,19,6,136,synthetic_simulation
19,upi,16,2,99,synthetic_simulation
4,cash,18,5,104,synthetic_simulation
20,upi,17,4,149,synthetic_simulation
4,upi,20,0,61,synthetic_simulation
6,card,9,5,65,synthetic_simulation
23,upi,13,4,162,synthetic_simulation
14,card,18,1,138,synthetic_simulation
28,card,10,4,178,synthetic_simulation
5,cash,14,3,60,synthetic_simulation
15,upi,14,6,118,synthetic_simulation
19,upi,19,2,166,synthetic_simulation
15,upi,21,1,114,synthetic_simulation
5,upi,10,0,66,synthetic_simulation
12,upi,11,5,99,synthetic_simulation
17,upi,19,6,127,synthetic_simulation
19,cash,11,4,133,synthetic_simulation
20,cash,15,2,125,synthetic_simulation
5,cash,21,6,109,synthetic_simulation
18,upi,21,1,137,synthetic_simulation
10,upi,21,4,90,synthetic_simulation
26,upi,10,4,173,synthetic_simulation
35,upi,10,5,224,synthetic_simulation
9,upi,11,6,77,synthetic_simulation
10,cash,19,2,114,synthetic_simulation
37,card,11,0,220,synthetic_simulation
24,upi,14,1,203,synthetic_simulation
32,card,19,5,242,synthetic_simulation
15,cash,15,2,134,synthetic_simulation
21,upi,21,0,167,synthetic_simulation
5,card,15,5,100,synthetic_simulation
47,upi,13,4,259,synthetic_simulation
17,upi,21,0,119,synthetic_simulation
28,cash,16,4,194,synthetic_simulation
13,upi,11,4,115,synthetic_simulation
26,card,17,6,190,synthetic_simulation
12,upi,19,6,117,synthetic_simulation
20,card,19,6,157,synthetic_simulation
35,card,9,6,243,synthetic_simulation
16,cash,10,5,115,synthetic_simulation
2,cash,17,4,73,synthetic_simulation
39,card,18,3,219,synthetic_simulation
10,upi,17,5,90,synthetic_simulation
24,upi,13,6,183,synthetic_simulation
24,card,18,0,185,synthetic_simulation
15,upi,16,0,108,synthetic_simulation
15,upi,21,3,134,synthetic_simulation
10,cash,13,2,144,synthetic_simulation
14,upi,18,3,121,synthetic_simulation
16,upi,10,2,123,synthetic_simulation
19,cash,18,5,162,synthetic_simulation
13,card,18,6,142,synthetic_simulation
24,card,12,1,157,synthetic_simulation
11,upi,9,5,132,synthetic_simulation
10,upi,21,0,110,synthetic_simulation
25,card,9,5,154,synthetic_simulation
14,upi,15,4,94,synthetic_simulation
9,card,9,4,99,synthetic_simulation
30,upi,14,3,181,synthetic_simulation
17,upi,19,0,147,synthetic_simulation
11,upi,15,5,93,synthetic_simulation
14,upi,12,0,150,synthetic_simulation
12,upi,14,3,99,synthetic_simulation
8,card,10,1,130,synthetic_simulation
19,upi,16,5,150,synthetic_simulation
4,upi,9,4,35,synthetic_simulation
10,upi,13,3,141,synthetic_simulation
13,upi,9,2,123,synthetic_simulation
12,upi,12,5,126,synthetic_simulation
15,cash,9,1,142,synthetic_simulation
20,card,21,5,130,synthetic_simulation
5,card,19,6,59,synthetic_simulation
9,upi,21,1,83,synthetic_simulation
17,upi,17,4,162,synthetic_simulation
5,card,15,2,79,synthetic_simulation
22,upi,11,6,185,synthetic_simulation
14,card,21,6,145,synthetic_simulation
22,cash,20,2,179,synthetic_simulation
18,upi,14,1,150,synthetic_simulation
19,card,11,0,168,synthetic_simulation
15,upi,14,4,112,synthetic_simulation
24,upi,14,6,160,synthetic_simulation
22,upi,20,1,164,synthetic_simulation
18,card,9,5,98,synthetic_simulation
9,upi,17,5,109,synthetic_simulation
15,card,18,3,147,synthetic_simulation
37,card,18,1,245,synthetic_simulation
26,upi,11,4,174,synthetic_simulation
15,upi,14,4,113,synthetic_simulation
12,card,13,5,90,synthetic_simulation
21,upi,14,3,173,synthetic_simulation
28,cash,10,0,188,synthetic_simulation
13,upi,10,1,93,synthetic_simulation
24,cash,9,2,199,synthetic_simulation
21,upi,21,3,161,synthetic_simulation
14,upi,14,2,114,synthetic_simulation
20,card,11,6,165,synthetic_simulation
15,upi,19,1,107,synthetic_simulation
16,upi,15,4,117,synthetic_simulation
27,upi,13,2,210,synthetic_simulation
23,card,10,6,154,synthetic_simulation
19,card,14,6,128,synthetic_simulation
22,upi,17,5,169,synthetic_simulation
5,upi,17,5,86,synthetic_simulation
15,upi,14,4,125,synthetic_simulation
19,cash,16,4,125,synthetic_simulation
10,upi,18,3,57,synthetic_simulation
19,card,21,0,157,synthetic_simulation
12,upi,15,6,85,synthetic_simulation
11,card,11,6,96,synthetic_simulation
5,cash,10,3,42,synthetic_simulation
7,upi,11,6,99,synthetic_simulation
20,card,9,2,151,synthetic_simulation
6,upi,16,0,75,synthetic_simulation
15,card,11,5,132,synthetic_simulation
16,upi,11,3,81,synthetic_simulation
7,upi,18,6,77,synthetic_simulation
22,upi,13,1,154,synthetic_simulation
2,upi,19,3,50,synthetic_simulation
14,cash,10,4,121,synthetic_simulation
10,card,13,0,114,synthetic_simulation
30,upi,9,6,211,synthetic_simulation
18,upi,15,4,102,synthetic_simulation
21,card,10,1,150,synthetic_simulation
22,upi,12,5,181,synthetic_simulation
19,upi,18,6,136,synthetic_simulation
16,card,20,2,136,synthetic_simulation
16,upi,16,4,127,synthetic_simulation
13,upi,21,5,110,synthetic_simulation
21,upi,18,1,169,synthetic_simulation
14,upi,18,3,124,synthetic_simulation
13,card,21,3,105,synthetic_simulation
13,card,10,2,90,synthetic_simulation
12,cash,12,2,134,synthetic_simulation
17,upi,14,4,125,synthetic_simulation
6,card,17,5,79,synthetic_simulation
15,cash,21,2,141,synthetic_simulation
41,card,10,1,271,synthetic_simulation
26,cash,11,5,179,synthetic_simulation
8,cash,12,1,97,synthetic_simulation
23,card,17,0,160,synthetic_simulation
11,cash,21,2,81,synthetic_simulation
21,card,21,5,192,synthetic_simulation
12,upi,18,5,111,synthetic_simulation
15,cash,19,2,129,synthetic_simulation
4,cash,14,3,56,synthetic_simulation
14,upi,16,6,108,synthetic_simulation
16,upi,11,5,112,synthetic_simulation
3,upi,15,5,87,synthetic_simulation
3,cash,12,0,63,synthetic_simulation
32,upi,21,1,169,synthetic_simulation
13,upi,13,0,128,synthetic_simulation
38,upi,14,6,230,synthetic_simulation
13,upi,14,2,100,synthetic_simulation
34,cash,20,3,248,synthetic_simulation
34,upi,21,3,209,synthetic_simulation
30,upi,14,3,186,synthetic_simulation
15,upi,21,0,88,synthetic_simulation
43,card,18,6,248,synthetic_simulation
33,card,20,2,210,synthetic_simulation
33,upi,20,6,202,synthetic_simulation
32,upi,13,5,222,synthetic_simulation
8,cash,16,4,64,synthetic_simulation
14,card,12,4,122,synthetic_simulation
13,card,13,6,128,synthetic_simulation
5,upi,15,2,64,synthetic_simulation
10,cash,9,2,113,synthetic_simulation
13,card,11,4,105,synthetic_simulation
11,upi,19,1,96,synthetic_simulation
14,cash,11,5,154,synthetic_simulation
28,cash,17,0,202,synthetic_simulation
21,card,18,6,195,synthetic_simulation
14,card,12,2,124,synthetic_simulation
19,upi,14,0,133,synthetic_simulation
37,upi,20,4,233,synthetic_simulation
12,upi,19,1,117,synthetic_simulation
13,card,20,2,117,synthetic_simulation
18,upi,17,3,144,synthetic_simulation
27,upi,20,4,214,synthetic_simulation
22,cash,14,0,184,synthetic_simulation
11,upi,16,0,113,synthetic_simulation
13,cash,17,3,111,synthetic_simulation
9,upi,21,2,63,synthetic_simulation
35,upi,13,4,229,synthetic_simulation
20,upi,20,5,172,synthetic_simulation
12,upi,15,4,89,synthetic_simulation
12,upi,10,0,86,synthetic_simulation
7,upi,17,6,119,synthetic_simulation
26,card,21,5,193,synthetic_simulation
15,upi,14,0,133,synthetic_simulation
34,upi,16,5,205,synthetic_simulation
11,upi,21,6,91,synthetic_simulation
2,upi,20,3,81,synthetic_simulation
24,upi,14,5,159,synthetic_simulation
34,upi,18,6,216,synthetic_simulation
13,card,17,6,114,synthetic_simulation
17,card,17,6,141,synthetic_simulation
23,cash,18,1,199,synthetic_simulation
14,card,13,0,102,synthetic_simulation
8,upi,12,4,105,synthetic_simulation
19,upi,9,4,120,synthetic_simulation
9,upi,20,3,94,synthetic_simulation
11,card,12,1,112,synthetic_simulation
10,upi,17,6,105,synthetic_simulation
43,upi,17,2,260,synthetic_simulation
19,cash,18,5,162,synthetic_simulation
6,upi,20,4,73,synthetic_simulation
38,upi,20,6,270,synthetic_simulation
6,cash,9,4,87,synthetic_simulation
29,upi,19,4,194,synthetic_simulation
19,upi,11,5,127,synthetic_simulation
29,upi,17,0,189,synthetic_simulation
8,upi,17,4,82,synthetic_simulation
15,cash,9,4,144,synthetic_simulation
24,card,12,5,171,synthetic_simulation
2,upi,20,1,35,synthetic_simulation
23,upi,10,4,154,synthetic_simulation
7,upi,12,1,83,synthetic_simulation
14,card,10,0,105,synthetic_simulation
9,upi,11,4,101,synthetic_simulation
17,upi,17,0,88,synthetic_simulation
6,card,19,0,119,synthetic_simulation
16,cash,16,3,154,synthetic_simulation
12,cash,12,6,124,synthetic_simulation
10,cash,20,5,118,synthetic_simulation
11,upi,13,0,117,synthetic_simulation
14,card,13,0,139,synthetic_simulation
10,cash,15,3,95,synthetic_simulation
22,upi,10,3,119,synthetic_simulation
18,upi,13,0,180,synthetic_simulation
19,upi,19,1,164,synthetic_simulation
17,cash,16,0,143,synthetic_simulation
15,cash,21,3,134,synthetic_simulation
23,card,19,4,185,synthetic_simulation
26,upi,13,2,195,synthetic_simulation
13,cash,18,4,97,synthetic_simulation
10,upi,20,1,97,synthetic_simulation
23,upi,17,5,165,synthetic_simulation
30,card,18,0,205,synthetic_simulation
9,card,15,3,105,synthetic_simulation
12,cash,20,2,98,synthetic_simulation
11,upi,12,3,84,synthetic_simulation
12,upi,14,3,87,synthetic_simulation
9,upi,12,4,101,synthetic_simulation
10,upi,10,6,110,synthetic_simulation
12,cash,17,3,159,synthetic_simulation
12,upi,10,1,94,synthetic_simulation
9,upi,11,3,99,synthetic_simulation
34,upi,18,3,233,synthetic_simulation
7,card,12,6,111,synthetic_simulation
9,cash,20,3,115,synthetic_simulation
37,upi,9,6,220,synthetic_simulation
13,upi,14,4,85,synthetic_simulation
15,cash,9,4,110,synthetic_simulation
12,upi,9,2,105,synthetic_simulation
17,upi,19,1,136,synthetic_simulation
15,upi,9,0,106,synthetic_simulation
11,cash,20,3,137,synthetic_simulation
13,card,16,6,113,synthetic_simulation
9,upi,15,0,68,synthetic_simulation
10,upi,20,6,104,synthetic_simulation
16,upi,14,6,139,synthetic_simulation
34,upi,14,3,188,synthetic_simulation
16,upi,14,2,122,synthetic_simulation
4,upi,17,4,73,synthetic_simulation
17,upi,20,5,130,synthetic_simulation
38,upi,16,0,221,synthetic_simulation
8,upi,12,3,65,synthetic_simulation
25,upi,20,0,178,synthetic_simulation
4,cash,16,4,52,synthetic_simulation
9,upi,19,0,117,synthetic_simulation
10,cash,14,2,104,synthetic_simulation
17,cash,11,5,136,synthetic_simulation
24,cash,21,5,201,synthetic_simulation
18,upi,17,1,124,synthetic_simulation
8,upi,13,3,80,synthetic_simulation
8,card,20,1,67,synthetic_simulation
20,upi,9,4,162,synthetic_simulation
5,upi,21,0,98,synthetic_simulation
30,upi,16,5,163,synthetic_simulation
15,card,16,0,106,synthetic_simulation
17,card,9,4,132,synthetic_simulation
7,upi,11,2,65,synthetic_simulation
13,cash,18,1,134,synthetic_simulation
3,card,16,3,60,synthetic_simulation
16,upi,10,0,126,synthetic_simulation
18,upi,17,4,125,synthetic_simulation
22,upi,18,4,165,synthetic_simulation
8,cash,12,3,90,synthetic_simulation
10,card,17,2,103,synthetic_simulation
7,card,21,3,50,synthetic_simulation
24,card,15,6,163,synthetic_simulation
5,upi,11,5,60,synthetic_simulation
10,cash,21,0,123,synthetic_simulation
9,cash,20,2,114,synthetic_simulation
13,card,14,0,113,synthetic_simulation
21,upi,14,1,142,synthetic_simulation
18,upi,19,5,110,synthetic_simulation
16,upi,9,5,88,synthetic_simulation
4,upi,13,3,68,synthetic_simulation
30,card,16,4,199,synthetic_simulation
16,card,17,2,135,synthetic_simulation
7,cash,17,3,90,synthetic_simulation
17,upi,13,5,139,synthetic_simulation
16,upi,20,1,127,synthetic_simulation
18,upi,17,2,156,synthetic_simulation
13,cash,16,0,134,synthetic_simulation
24,card,21,1,155,synthetic_simulation
33,upi,10,0,201,synthetic_simulation
16,card,18,5,150,synthetic_simulation
14,upi,21,5,122,synthetic_simulation
14,upi,17,2,152,synthetic_simulation
17,upi,16,4,123,synthetic_simulation
10,upi,13,1,124,synthetic_simulation
12,upi,12,0,92,synthetic_simulation
12,upi,16,3,87,synthetic_simulation
11,upi,20,1,69,synthetic_simulation
19,card,15,5,149,synthetic_simulation
19,upi,10,1,145,synthetic_simulation
15,upi,15,5,74,synthetic_simulation
11,cash,10,1,114,synthetic_simulation
9,upi,21,0,95,synthetic_simulation
20,card,15,3,155,synthetic_simulation
29,upi,11,1,161,synthetic_simulation
15,card,17,2,148,synthetic_simulation
13,upi,15,2,104,synthetic_simulation
26,upi,15,6,184,synthetic_simulation
23,upi,16,3,150,synthetic_simulation
5,card,21,5,84,synthetic_simulation
21,card,20,4,184,synthetic_simulation
17,card,12,6,147,synthetic_simulation
23,upi,12,3,172,synthetic_simulation
16,card,21,6,154,synthetic_simulation
20,card,17,6,163,synthetic_simulation
23,upi,9,6,138,synthetic_simulation
18,upi,15,4,140,synthetic_simulation
31,upi,10,6,224,synthetic_simulation
9,cash,9,5,130,synthetic_simulation
16,upi,11,2,131,synthetic_simulation
29,upi,12,1,154,synthetic_simulation
14,cash,10,1,114,synthetic_simulation
15,cash,19,4,134,synthetic_simulation
7,upi,14,1,75,synthetic_simulation
25,cash,16,1,210,synthetic_simulation
25,upi,20,4,157,synthetic_simulation
34,cash,19,2,278,synthetic_simulation
13,upi,19,4,111,synthetic_simulation
40,upi,11,6,228,synthetic_simulation
25,cash,18,0,209,synthetic_simulation
2,upi,21,4,66,synthetic_simulation
23,cash,9,5,187,synthetic_simulation
16,upi,20,0,119,synthetic_simulation
12,upi,20,5,128,synthetic_simulation
10,cash,19,3,101,synthetic_simulation
22,upi,14,4,133,synthetic_simulation
32,cash,11,0,212,synthetic_simulation
16,cash,18,3,135,synthetic_simulation
6,upi,17,2,102,synthetic_simulation
18,upi,18,1,132,synthetic_simulation
6,upi,12,5,85,synthetic_simulation
15,upi,11,3,98,synthetic_simulation
23,upi,20,6,191,synthetic_simulation
9,upi,15,1,72,synthetic_simulation
9,card,20,5,132,synthetic_simulation
26,upi,21,4,187,synthetic_simulation
18,card,14,4,127,synthetic_simulation
6,upi,12,2,84,synthetic_simulation
27,upi,20,4,178,synthetic_simulation
28,upi,18,1,201,synthetic_simulation
14,upi,17,5,125,synthetic_simulation
15,card,21,3,113,synthetic_simulation
14,upi,12,3,123,synthetic_simulation
53,cash,13,4,302,synthetic_simulation
48,card,9,0,281,synthetic_simulation
14,upi,14,2,120,synthetic_simulation
13,cash,14,1,123,synthetic_simulation
9,cash,14,6,124,synthetic_simulation
29,upi,10,2,175,synthetic_simulation
10,cash,19,0,112,synthetic_simulation
20,upi,15,0,118,synthetic_simulation
14,card,14,6,114,synthetic_simulation
19,upi,20,1,182,synthetic_simulation
17,card,15,0,135,synthetic_simulation
15,cash,20,1,134,synthetic_simulation
16,cash,11,1,117,synthetic_simulation
38,cash,20,0,228,synthetic_simulation
32,upi,21,6,188,synthetic_simulation
34,card,18,0,241,synthetic_simulation
29,upi,20,5,194,synthetic_simulation
25,upi,18,5,165,synthetic_simulation
24,upi,16,4,142,synthetic_simulation
26,cash,18,0,210,synthetic_simulation
3,card,21,5,66,synthetic_simulation
32,upi,16,2,186,synthetic_simulation
21,cash,17,2,168,synthetic_simulation
22,card,10,1,195,synthetic_simulation
8,upi,21,5,107,synthetic_simulation
10,upi,19,4,129,synthetic_simulation
15,card,11,1,89,synthetic_simulation
32,card,12,2,215,synthetic_simulation
25,upi,11,5,157,synthetic_simulation
10,upi,13,6,119,synthetic_simulation
8,upi,20,6,118,synthetic_simulation
45,upi,15,0,266,synthetic_simulation
10,upi,14,6,79,synthetic_simulation
15,upi,19,3,116,synthetic_simulation
16,upi,13,5,150,synthetic_simulation
20,card,20,2,172,synthetic_simulation
21,upi,18,4,159,synthetic_simulation
21,upi,12,1,159,synthetic_simulation
23,upi,17,3,168,synthetic_simulation
11,cash,15,1,116,synthetic_simulation
18,upi,13,2,155,synthetic_simulation
17,upi,20,2,149,synthetic_simulation
15,upi,14,6,120,synthetic_simulation
21,card,10,4,149,synthetic_simulation
8,upi,14,4,78,synthetic_simulation
13,upi,15,1,90,synthetic_simulation
31,cash,10,3,195,synthetic_simulation
12,card,18,3,130,synthetic_simulation
24,upi,11,5,151,synthetic_simulation
17,upi,10,1,138,synthetic_simulation
21,cash,15,0,159,synthetic_simulation
19,cash,11,3,165,synthetic_simulation
21,card,19,5,181,synthetic_simulation
18,card,9,5,156,synthetic_simulation
9,cash,14,5,99,synthetic_simulation
12,cash,9,2,123,synthetic_simulation
17,upi,13,1,151,synthetic_simulation
14,cash,21,4,98,synthetic_simulation
12,card,17,0,150,synthetic_simulation
17,card,15,6,177,synthetic_simulation
31,upi,11,4,209,synthetic_simulation
24,upi,13,3,186,synthetic_simulation
30,card,13,1,219,synthetic_simulation
9,card,16,1,85,synthetic_simulation
4,upi,11,6,64,synthetic_simulation
17,card,21,0,148,synthetic_simulation
6,upi,17,0,66,synthetic_simulation
16,upi,13,2,113,synthetic_simulation
15,card,10,1,113,synthetic_simulation
24,card,16,4,176,synthetic_simulation
31,upi,14,0,176,synthetic_simulation
7,upi,17,5,90,synthetic_simulation
9,upi,16,5,88,synthetic_simulation
11,card,17,1,97,synthetic_simulation
18,cash,19,4,115,synthetic_simulation
17,card,15,4,112,synthetic_simulation
22,card,18,5,179,synthetic_simulation
18,upi,13,5,157,synthetic_simulation
10,upi,21,6,104,synthetic_simulation
17,cash,14,0,151,synthetic_simulation
10,upi,17,4,92,synthetic_simulation
27,upi,21,5,163,synthetic_simulation
27,upi,13,1,193,synthetic_simulation
26,card,10,1,171,synthetic_simulation
13,upi,12,0,134,synthetic_simulation
5,upi,12,6,91,synthetic_simulation
23,card,9,6,189,synthetic_simulation
32,upi,16,0,188,synthetic_simulation
33,upi,12,1,235,synthetic_simulation
24,cash,10,3,211,synthetic_simulation
13,cash,10,6,128,synthetic_simulation
29,upi,12,5,211,synthetic_simulation
12,upi,13,6,102,synthetic_simulation
11,upi,21,5,116,synthetic_simulation
4,upi,18,4,94,synthetic_simulation
6,cash,18,2,91,synthetic_simulation
11,card,17,4,125,synthetic_simulation
14,upi,19,3,128,synthetic_simulation
13,card,13,6,138,synthetic_simulation
39,upi,10,3,246,synthetic_simulation
24,upi,15,5,173,synthetic_simulation
14,cash,9,1,123,synthetic_simulation
23,upi,11,4,168,synthetic_simulation
23,upi,18,3,187,synthetic_simulation
34,cash,15,3,214,synthetic_simulation
13,upi,17,5,124,synthetic_simulation
10,upi,15,3,57,synthetic_simulation
12,upi,16,0,109,synthetic_simulation
16,upi,12,2,154,synthetic_simulation
16,upi,11,6,120,synthetic_simulation
35,upi,12,6,234,synthetic_simulation
10,upi,19,4,99,synthetic_simulation
11,upi,21,4,87,synthetic_simulation
18,card,10,1,139,synthetic_simulation
18,cash,15,5,137,synthetic_simulation
23,card,15,4,155,synthetic_simulation
33,card,16,0,192,synthetic_simulation
19,card,12,6,171,synthetic_simulation
23,upi,9,5,163,synthetic_simulation
26,upi,11,0,160,synthetic_simulation
16,upi,11,2,119,synthetic_simulation
25,upi,9,5,165,synthetic_simulation
18,cash,13,5,186,synthetic_simulation
20,upi,17,1,144,synthetic_simulation
27,cash,21,0,201,synthetic_simulation
12,upi,17,6,106,synthetic_simulation
22,upi,11,6,168,synthetic_simulation
20,upi,13,5,177,synthetic_simulation
7,upi,12,4,108,synthetic_simulation
10,upi,11,4,115,synthetic_simulation
17,card,21,3,136,synthetic_simulation
20,upi,17,4,174,synthetic_simulation
8,cash,15,2,125,synthetic_simulation
11,cash,14,0,91,synthetic_simulation
16,upi,13,2,122,synthetic_simulation
27,cash,14,2,162,synthetic_simulation
35,upi,17,2,245,synthetic_simulation
6,upi,21,3,42,synthetic_simulation
22,upi,15,0,116,synthetic_simulation
19,card,11,2,120,synthetic_simulation
25,upi,21,3,131,synthetic_simulation
34,upi,13,1,225,synthetic_simulation
22,cash,10,3,145,synthetic_simulation
35,upi,16,4,181,synthetic_simulation
33,card,19,2,222,synthetic_simulation
14,upi,12,0,123,synthetic_simulation
4,upi,12,4,40,synthetic_simulation
10,upi,12,4,90,synthetic_simulation
17,upi,19,2,136,synthetic_simulation
5,upi,21,0,58,synthetic_simulation
30,card,20,0,202,synthetic_simulation
17,upi,11,0,145,synthetic_simulation
17,upi,20,5,182,synthetic_simulation
35,card,13,2,227,synthetic_simulation
16,card,20,2,116,synthetic_simulation
9,cash,21,4,97,synthetic_simulation
4,upi,18,4,77,synthetic_simulation
10,card,21,0,95,synthetic_simulation
11,upi,10,6,111,synthetic_simulation
33,card,17,1,263,synthetic_simulation
9,upi,9,5,59,synthetic_simulation
16,upi,17,5,129,synthetic_simulation
29,cash,13,3,241,synthetic_simulation
2,card,21,1,47,synthetic_simulation
18,card,15,3,149,synthetic_simulation
8,upi,18,1,105,synthetic_simulation
31,card,12,5,241,synthetic_simulation
10,upi,9,5,129,synthetic_simulation
25,upi,18,5,188,synthetic_simulation
33,upi,11,5,176,synthetic_simulation
16,upi,18,1,120,synthetic_simulation
13,upi,15,0,143,synthetic_simulation
21,card,21,4,124,synthetic_simulation
9,upi,13,4,107,synthetic_simulation
10,cash,14,6,67,synthetic_simulation
26,cash,18,4,174,synthetic_simulation
15,upi,19,5,149,synthetic_simulation
29,card,10,2,190,synthetic_simulation
29,upi,18,0,189,synthetic_simulation
25,cash,15,0,165,synthetic_simulation
8,upi,21,3,43,synthetic_simulation
14,upi,17,0,135,synthetic_simulation
12,upi,19,3,108,synthetic_simulation
21,cash,13,2,147,synthetic_simulation
16,upi,12,1,133,synthetic_simulation
19,cash,19,4,175,synthetic_simulation
16,upi,9,4,115,synthetic_simulation
7,card,16,0,83,synthetic_simulation
4,upi,21,3,60,synthetic_simulation
8,upi,21,6,72,synthetic_simulation
25,upi,18,2,177,synthetic_simulation
20,upi,15,5,157,synthetic_simulation
15,card,19,2,153,synthetic_simulation
7,card,9,1,96,synthetic_simulation
28,upi,19,5,185,synthetic_simulation
32,upi,11,2,208,synthetic_simulation
28,upi,18,6,206,synthetic_simulation
10,card,13,4,97,synthetic_simulation
26,card,18,5,186,synthetic_simulation
12,cash,16,5,134,synthetic_simulation
4,cash,21,6,107,synthetic_simulation
14,upi,19,3,90,synthetic_simulation
15,upi,20,6,163,synthetic_simulation
9,cash,10,0,122,synthetic_simulation
15,upi,13,3,131,synthetic_simulation
22,upi,14,2,143,synthetic_simulation
26,upi,9,0,174,synthetic_simulation
22,card,9,6,149,synthetic_simulation
14,card,9,5,118,synthetic_simulation
15,cash,18,5,124,synthetic_simulation
17,upi,14,4,92,synthetic_simulation
12,upi,18,4,155,synthetic_simulation
16,upi,19,2,134,synthetic_simulation
15,card,9,4,124,synthetic_simulation
11,upi,20,6,113,synthetic_simulation
15,cash,11,1,116,synthetic_simulation
32,upi,14,2,191,synthetic_simulation
26,card,21,0,176,synthetic_simulation
14,cash,12,6,142,synthetic_simulation
16,upi,21,3,105,synthetic_simulation
12,card,15,4,114,synthetic_simulation
7,upi,9,1,78,synthetic_simulation
6,card,19,0,97,synthetic_simulation
12,cash,9,5,134,synthetic_simulation
22,upi,17,6,165,synthetic_simulation
29,upi,14,2,179,synthetic_simulation
11,cash,10,5,144,synthetic_simulation
13,cash,15,4,104,synthetic_simulation
9,card,13,4,71,synthetic_simulation
9,cash,10,1,111,synthetic_simulation
11,upi,16,4,83,synthetic_simulation
11,upi,9,1,75,synthetic_simulation
9,upi,15,1,100,synthetic_simulation
8,upi,11,2,77,synthetic_simulation
26,upi,19,1,159,synthetic_simulation
8,card,21,6,127,synthetic_simulation
20,upi,21,0,109,synthetic_simulation
34,upi,21,6,211,synthetic_simulation
27,card,10,1,145,synthetic_simulation
10,card,15,6,107,synthetic_simulation
25,cash,11,2,168,synthetic_simulation
11,upi,10,6,115,synthetic_simulation
16,cash,14,3,135,synthetic_simulation
11,upi,14,3,118,synthetic_simulation
14,upi,12,0,115,synthetic_simulation
5,card,10,3,43,synthetic_simulation
35,upi,14,3,216,synthetic_simulation
9,card,11,6,93,synthetic_simulation
14,upi,9,1,76,synthetic_simulation
24,upi,14,0,139,synthetic_simulation
22,upi,9,1,135,synthetic_simulation
17,upi,21,1,151,synthetic_simulation
4,upi,19,6,92,synthetic_simulation
36,upi,21,1,210,synthetic_simulation
24,upi,10,6,172,synthetic_simulation
7,card,15,0,45,synthetic_simulation
25,upi,19,5,172,synthetic_simulation
19,card,16,2,147,synthetic_simulation
12,card,12,0,123,synthetic_simulation
21,upi,19,4,147,synthetic_simulation
14,upi,13,5,128,synthetic_simulation
32,card,21,5,216,synthetic_simulation
11,cash,10,1,111,synthetic_simulation
6,upi,18,4,99,synthetic_simulation
7,card,9,3,87,synthetic_simulation
20,upi,20,3,161,synthetic_simulation
20,upi,13,6,189,synthetic_simulation
5,upi,9,2,79,synthetic_simulation
4,upi,19,2,105,synthetic_simulation
6,upi,21,3,57,synthetic_simulation
11,upi,20,6,85,synthetic_simulation
26,upi,15,6,171,synthetic_simulation
19,card,9,4,136,synthetic_simulation
16,upi,11,0,145,synthetic_simulation
17,card,9,2,110,synthetic_simulation
12,cash,9,0,114,synthetic_simulation
13,upi,11,0,111,synthetic_simulation
28,upi,16,5,185,synthetic_simulation
7,upi,18,5,91,synthetic_simulation
16,cash,16,0,142,synthetic_simulation
11,upi,11,3,113,synthetic_simulation
13,upi,16,1,131,synthetic_simulation
9,cash,12,0,116,synthetic_simulation
15,upi,14,2,99,synthetic_simulation
11,upi,20,0,136,synthetic_simulation
35,cash,10,5,215,synthetic_simulation
7,cash,20,6,144,synthetic_simulation
1,upi,12,2,83,synthetic_simulation
13,upi,17,1,145,synthetic_simulation
21,upi,12,3,169,synthetic_simulation
36,upi,11,6,184,synthetic_simulation
32,upi,14,1,178,synthetic_simulation
9,upi,13,4,104,synthetic_simulation
7,card,15,0,69,synthetic_simulation
18,card,12,2,144,synthetic_simulation
37,cash,21,3,249,synthetic_simulation
16,cash,17,2,146,synthetic_simulation
11,upi,19,1,86,synthetic_simulation
19,upi,19,5,169,synthetic_simulation
16,upi,18,4,142,synthetic_simulation
6,upi,10,3,65,synthetic_simulation
28,upi,16,2,190,synthetic_simulation
18,card,20,0,151,synthetic_simulation
21,upi,10,4,167,synthetic_simulation
15,upi,15,1,116,synthetic_simulation
17,upi,11,2,147,synthetic_simulation
18,cash,19,6,131,synthetic_simulation
24,card,21,4,173,synthetic_simulation
11,upi,9,4,87,synthetic_simulation
8,upi,19,1,78,synthetic_simulation
12,cash,13,3,151,synthetic_simulation
9,upi,21,0,100,synthetic_simulation
17,card,9,1,94,synthetic_simulation
10,card,11,5,115,synthetic_simulation
28,card,18,3,209,synthetic_simulation
8,upi,19,4,80,synthetic_simulation
5,cash,10,5,72,synthetic_simulation
6,upi,11,6,47,synthetic_simulation
11,upi,13,0,102,synthetic_simulation
17,upi,9,4,120,synthetic_simulation
18,upi,19,6,163,synthetic_simulation
23,upi,17,1,172,synthetic_simulation
4,card,18,6,68,synthetic_simulation
15,cash,15,4,135,synthetic_simulation
2,upi,17,2,59,synthetic_simulation
9,card,16,5,80,synthetic_simulation
16,cash,18,6,127,synthetic_simulation
19,upi,14,0,144,synthetic_simulation
9,card,17,4,113,synthetic_simulation
7,cash,17,6,121,synthetic_simulation
13,card,17,4,112,synthetic_simulation
13,upi,20,3,121,synthetic_simulation
11,cash,13,0,100,synthetic_simulation
14,card,20,3,112,synthetic_simulation
22,upi,9,6,154,synthetic_simulation
17,upi,15,5,134,synthetic_simulation
15,upi,14,3,84,synthetic_simulation
14,upi,20,2,104,synthetic_simulation
3,upi,9,5,54,synthetic_simulation
23,upi,11,6,176,synthetic_simulation
31,cash,15,2,194,synthetic_simulation
7,card,19,5,104,synthetic_simulation
3,upi,15,2,59,synthetic_simulation
13,upi,17,5,119,synthetic_simulation
19,upi,11,6,144,synthetic_simulation
37,upi,21,4,197,synthetic_simulation
28,card,19,3,186,synthetic_simulation
6,upi,9,2,95,synthetic_simulation
22,cash,18,0,206,synthetic_simulation
16,upi,10,0,134,synthetic_simulation
42,upi,16,5,272,synthetic_simulation
23,cash,18,4,151,synthetic_simulation
12,upi,21,1,82,synthetic_simulation
18,upi,9,3,123,synthetic_simulation
8,upi,12,6,143,synthetic_simulation
23,card,17,4,168,synthetic_simulation
25,upi,12,6,196,synthetic_simulation
8,cash,18,0,117,synthetic_simulation
26,card,11,0,181,synthetic_simulation
2,cash,11,4,66,synthetic_simulation
12,card,16,4,84,synthetic_simulation
30,card,17,4,159,synthetic_simulation
21,card,11,6,179,synthetic_simulation
2,upi,20,0,53,synthetic_simulation
36,card,20,6,210,synthetic_simulation
10,card,10,0,104,synthetic_simulation
12,upi,12,3,120,synthetic_simulation
21,card,16,5,170,synthetic_simulation
19,upi,15,4,153,synthetic_simulation
13,upi,12,1,101,synthetic_simulation
21,upi,15,4,127,synthetic_simulation
8,upi,21,6,79,synthetic_simulation
11,upi,12,1,123,synthetic_simulation
15,upi,11,6,82,synthetic_simulation
31,upi,18,4,208,synthetic_simulation
14,upi,16,0,125,synthetic_simulation
21,upi,17,2,173,synthetic_simulation
23,upi,17,6,185,synthetic_simulation
9,cash,18,2,134,synthetic_simulation
6,card,18,6,47,synthetic_simulation
22,upi,16,2,177,synthetic_simulation
13,upi,14,2,110,synthetic_simulation
11,upi,14,5,124,synthetic_simulation
15,upi,12,5,112,synthetic_simulation
23,upi,14,1,121,synthetic_simulation
9,card,16,5,129,synthetic_simulation
25,card,18,1,167,synthetic_simulation
16,upi,19,6,133,synthetic_simulation
19,card,13,0,164,synthetic_simulation
10,upi,18,4,117,synthetic_simulation
39,cash,14,1,268,synthetic_simulation
26,cash,13,4,202,synthetic_simulation
24,upi,11,6,145,synthetic_simulation
18,card,12,4,162,synthetic_simulation
7,card,17,3,108,synthetic_simulation
15,upi,11,5,87,synthetic_simulation
10,upi,10,1,115,synthetic_simulation
13,card,12,3,80,synthetic_simulation
4,upi,21,6,84,synthetic_simulation
19,upi,10,2,122,synthetic_simulation
12,card,10,0,118,synthetic_simulation
1,upi,14,3,54,synthetic_simulation
19,upi,13,3,146,synthetic_simulation
8,cash,20,5,124,synthetic_simulation
44,upi,12,5,274,synthetic_simulation
10,upi,14,2,102,synthetic_simulation
5,card,12,5,131,synthetic_simulation
8,upi,12,1,69,synthetic_simulation
4,card,13,1,35,synthetic_simulation
11,card,12,4,107,synthetic_simulation
17,upi,18,4,129,synthetic_simulation
9,upi,19,5,97,synthetic_simulation
8,cash,11,4,80,synthetic_simulation
16,cash,15,0,151,synthetic_simulation
24,upi,12,4,147,synthetic_simulation
13,upi,20,3,126,synthetic_simulation
23,upi,10,1,164,synthetic_simulation
27,cash,14,2,195,synthetic_simulation
20,card,13,5,174,synthetic_simulation
18,upi,13,1,159,synthetic_simulation
17,cash,21,3,141,synthetic_simulation
32,upi,16,0,191,synthetic_simulation
12,upi,13,5,128,synthetic_simulation
17,card,19,1,155,synthetic_simulation
9,upi,19,6,120,synthetic_simulation
12,card,10,6,81,synthetic_simulation
11,upi,15,5,97,synthetic_simulation
12,card,14,2,87,synthetic_simulation
22,cash,14,5,181,synthetic_simulation
7,upi,13,0,101,synthetic_simulation
17,upi,19,2,132,synthetic_simulation
22,card,21,0,142,synthetic_simulation
6,upi,9,0,80,synthetic_simulation
28,card,20,2,196,synthetic_simulation
16,card,20,4,165,synthetic_simulation
4,upi,13,6,112,synthetic_simulation
10,cash,15,0,124,synthetic_simulation
11,upi,10,2,98,synthetic_simulation
16,upi,13,4,165,synthetic_simulation
23,upi,12,1,171,synthetic_simulation
13,card,20,5,122,synthetic_simulation
11,cash,10,3,99,synthetic_simulation
15,upi,13,3,115,synthetic_simulation
14,upi,15,0,108,synthetic_simulation
19,upi,21,1,141,synthetic_simulation
18,card,19,6,130,synthetic_simulation
16,upi,21,6,116,synthetic_simulation
12,upi,13,3,117,synthetic_simulation
4,upi,12,4,85,synthetic_simulation
21,upi,16,3,142,synthetic_simulation
30,card,13,3,212,synthetic_simulation
10,upi,9,4,67,synthetic_simulation
19,upi,19,3,131,synthetic_simulation
10,upi,10,0,88,synthetic_simulation
14,upi,11,0,118,synthetic_simulation
21,upi,21,5,153,synthetic_simulation
28,upi,18,5,182,synthetic_simulation
21,upi,17,1,153,synthetic_simulation
10,upi,10,0,116,synthetic_simulation
25,upi,12,1,186,synthetic_simulation
11,card,11,4,98,synthetic_simulation
21,upi,17,4,138,synthetic_simulation
16,upi,15,1,106,synthetic_simulation
17,card,13,1,144,synthetic_simulation
33,upi,18,1,221,synthetic_simulation
17,upi,19,3,147,synthetic_simulation
16,card,18,1,146,synthetic_simulation
14,upi,10,3,102,synthetic_simulation
9,cash,16,0,92,synthetic_simulation
11,upi,11,6,137,synthetic_simulation
40,cash,12,6,263,synthetic_simulation
33,card,21,2,185,synthetic_simulation
32,upi,14,5,173,synthetic_simulation
26,upi,19,3,175,synthetic_simulation
3,card,12,0,93,synthetic_simulation
26,upi,21,1,157,synthetic_simulation
19,upi,12,0,174,synthetic_simulation
12,cash,11,4,116,synthetic_simulation
31,card,13,5,239,synthetic_simulation
9,cash,11,4,87,synthetic_simulation
47,cash,16,0,274,synthetic_simulation
21,card,10,1,152,synthetic_simulation
15,card,11,3,129,synthetic_simulation
41,card,18,1,259,synthetic_simulation
17,cash,9,0,146,synthetic_simulation
27,card,14,2,190,synthetic_simulation
23,upi,18,4,141,synthetic_simulation
17,card,14,0,124,synthetic_simulation
15,upi,9,6,110,synthetic_simulation
6,cash,11,3,78,synthetic_simulation
43,card,21,1,265,synthetic_simulation
10,upi,19,0,94,synthetic_simulation
19,upi,13,6,117,synthetic_simulation
10,upi,20,4,99,synthetic_simulation
9,upi,9,6,71,synthetic_simulation
18,card,9,5,150,synthetic_simulation
16,card,20,6,160,synthetic_simulation
32,upi,17,6,178,synthetic_simulation
5,upi,16,5,57,synthetic_simulation
15,upi,13,5,140,synthetic_simulation
16,upi,19,5,113,synthetic_simulation
9,cash,16,1,115,synthetic_simulation
10,cash,14,4,125,synthetic_simulation
10,card,13,6,113,synthetic_simulation
21,upi,13,6,149,synthetic_simulation
23,upi,16,0,111,synthetic_simulation
30,cash,17,0,233,synthetic_simulation
6,cash,19,1,136,synthetic_simulation
12,upi,14,5,137,synthetic_simulation
13,card,12,2,121,synthetic_simulation
20,upi,16,4,118,synthetic_simulation
19,upi,16,0,148,synthetic_simulation
6,cash,12,0,98,synthetic_simulation
23,cash,9,5,184,synthetic_simulation
35,cash,13,2,248,synthetic_simulation
9,upi,9,0,86,synthetic_simulation
22,upi,10,1,166,synthetic_simulation
34,cash,21,2,243,synthetic_simulation
10,card,19,2,101,synthetic_simulation
20,upi,9,6,127,synthetic_simulation
10,upi,13,1,58,synthetic_simulation
36,upi,12,4,224,synthetic_simulation
19,card,21,1,120,synthetic_simulation
30,cash,14,3,212,synthetic_simulation
11,upi,12,2,102,synthetic_simulation
3,upi,17,2,65,synthetic_simulation
23,upi,15,4,167,synthetic_simulation
9,upi,11,4,91,synthetic_simulation
20,upi,12,0,150,synthetic_simulation
20,upi,10,1,168,synthetic_simulation
16,card,18,1,153,synthetic_simulation
15,upi,21,6,112,synthetic_simulation
7,card,19,2,89,synthetic_simulation
7,upi,13,4,102,synthetic_simulation
21,upi,15,3,147,synthetic_simulation
9,card,9,2,71,synthetic_simulation
18,card,13,0,165,synthetic_simulation
19,card,9,3,163,synthetic_simulation
12,upi,18,6,140,synthetic_simulation
9,upi,20,6,132,synthetic_simulation
15,upi,11,2,151,synthetic_simulation
24,upi,17,3,203,synthetic_simulation
28,upi,16,2,183,synthetic_simulation
15,upi,14,6,116,synthetic_simulation
19,upi,18,3,114,synthetic_simulation
13,card,17,6,131,synthetic_simulation
7,upi,12,5,104,synthetic_simulation
37,cash,19,2,253,synthetic_simulation
19,card,17,3,120,synthetic_simulation
21,upi,13,3,152,synthetic_simulation
7,card,18,1,107,synthetic_simulation
37,upi,17,5,223,synthetic_simulation
15,cash,10,3,133,synthetic_simulation
9,cash,11,1,109,synthetic_simulation
26,cash,13,3,219,synthetic_simulation
11,upi,9,5,131,synthetic_simulation
17,cash,14,2,133,synthetic_simulation
17,card,15,4,134,synthetic_simulation
26,cash,19,6,208,synthetic_simulation
35,upi,11,2,223,synthetic_simulation
9,cash,16,6,117,synthetic_simulation
9,card,17,2,131,synthetic_simulation
11,upi,14,3,52,synthetic_simulation
14,cash,20,5,153,synthetic_simulation
18,card,13,0,158,synthetic_simulation
5,cash,14,4,77,synthetic_simulation
23,upi,9,3,112,synthetic_simulation
5,upi,14,4,63,synthetic_simulation
21,card,9,6,143,synthetic_simulation
23,upi,21,3,183,synthetic_simulation
19,card,12,6,167,synthetic_simulation
18,card,19,3,135,synthetic_simulation
9,upi,10,1,47,synthetic_simulation
3,card,12,4,86,synthetic_simulation
13,upi,10,1,116,synthetic_simulation
11,cash,13,6,127,synthetic_simulation
12,cash,16,1,127,synthetic_simulation
23,upi,14,3,146,synthetic_simulation
30,upi,16,5,212,synthetic_simulation
23,upi,19,0,185,synthetic_simulation
21,upi,9,3,113,synthetic_simulation
17,cash,14,3,115,synthetic_simulation
13,upi,16,2,140,synthetic_simulation
17,upi,15,4,140,synthetic_simulation
9,upi,10,2,61,synthetic_simulation
7,card,11,2,53,synthetic_simulation
8,card,13,1,104,synthetic_simulation
18,upi,17,4,122,synthetic_simulation
16,upi,21,6,119,synthetic_simulation
12,upi,13,1,112,synthetic_simulation
33,upi,15,2,200,synthetic_simulation
31,upi,12,1,226,synthetic_simulation
11,card,9,1,134,synthetic_simulation
13,upi,14,6,101,synthetic_simulation
20,upi,13,4,132,synthetic_simulation
11,card,10,6,114,synthetic_simulation
19,card,17,4,183,synthetic_simulation
8,upi,12,4,86,synthetic_simulation
16,upi,11,5,140,synthetic_simulation
19,card,14,4,125,synthetic_simulation
19,upi,21,5,139,synthetic_simulation
8,card,17,2,79,synthetic_simulation
6,card,14,0,77,synthetic_simulation
17,cash,19,3,152,synthetic_simulation
10,upi,9,0,100,synthetic_simulation
11,upi,13,0,140,synthetic_simulation
36,cash,16,0,226,synthetic_simulation
20,upi,15,0,102,synthetic_simulation
16,upi,17,4,129,synthetic_simulation
15,card,18,4,140,synthetic_simulation
23,upi,14,6,162,synthetic_simulation
16,card,21,2,123,synthetic_simulation
18,cash,21,2,172,synthetic_simulation
27,card,15,3,182,synthetic_simulation
11,upi,20,5,112,synthetic_simulation
24,cash,17,6,181,synthetic_simulation
26,card,10,5,149,synthetic_simulation
6,upi,10,3,75,synthetic_simulation
6,card,10,6,87,synthetic_simulation
40,upi,11,1,217,synthetic_simulation
10,upi,13,3,102,synthetic_simulation
23,card,9,1,157,synthetic_simulation
9,upi,16,1,73,synthetic_simulation
20,upi,14,2,124,synthetic_simulation
32,card,16,5,217,synthetic_simulation
3,upi,15,2,51,synthetic_simulation
47,upi,12,5,280,synthetic_simulation
21,upi,16,4,127,synthetic_simulation
13,card,21,4,108,synthetic_simulation
21,cash,13,1,191,synthetic_simulation
26,upi,12,6,191,synthetic_simulation
24,card,15,1,160,synthetic_simulation
22,upi,19,2,167,synthetic_simulation
12,upi,15,5,129,synthetic_simulation
10,upi,19,4,112,synthetic_simulation
11,upi,9,2,99,synthetic_simulation
9,upi,10,1,96,synthetic_simulation
10,card,14,3,93,synthetic_simulation
14,card,12,3,133,synthetic_simulation
11,cash,9,0,102,synthetic_simulation
5,cash,11,1,54,synthetic_simulation
20,upi,12,1,158,synthetic_simulation
12,upi,20,1,119,synthetic_simulation
18,upi,19,2,137,synthetic_simulation
40,upi,13,0,269,synthetic_simulation
27,cash,21,4,176,synthetic_simulation
11,upi,19,4,76,synthetic_simulation
9,upi,12,1,86,synthetic_simulation
20,upi,15,6,116,synthetic_simulation
15,cash,20,4,151,synthetic_simulation
10,upi,14,2,75,synthetic_simulation
16,card,13,1,157,synthetic_simulation
13,upi,20,3,135,synthetic_simulation
10,upi,17,6,92,synthetic_simulation
8,upi,14,0,65,synthetic_simulation
32,card,20,0,227,synthetic_simulation
10,card,18,2,128,synthetic_simulation
11,upi,13,6,78,synthetic_simulation
13,upi,14,1,109,synthetic_simulation
24,upi,9,5,124,synthetic_simulation
13,upi,10,4,94,synthetic_simulation
46,upi,21,1,285,synthetic_simulation
15,upi,9,6,174,synthetic_simulation
25,card,19,1,179,synthetic_simulation
6,card,11,3,54,synthetic_simulation
18,card,16,4,126,synthetic_simulation
34,card,18,4,229,synthetic_simulation
9,cash,21,5,95,synthetic_simulation
12,cash,13,4,113,synthetic_simulation
15,upi,21,4,106,synthetic_simulation
12,upi,14,1,106,synthetic_simulation
19,upi,20,2,144,synthetic_simulation
19,cash,10,2,134,synthetic_simulation
43,upi,12,2,253,synthetic_simulation
18,upi,17,0,135,synthetic_simulation
13,upi,18,0,100,synthetic_simulation
8,card,19,3,87,synthetic_simulation
17,card,13,5,162,synthetic_simulation
19,card,17,6,156,synthetic_simulation
9,card,17,6,80,synthetic_simulation
14,cash,21,3,144,synthetic_simulation
16,upi,10,6,132,synthetic_simulation
30,cash,9,3,179,synthetic_simulation
39,card,16,3,232,synthetic_simulation
3,upi,9,1,40,synthetic_simulation
6,cash,11,4,99,synthetic_simulation
39,cash,15,2,241,synthetic_simulation
34,cash,12,3,236,synthetic_simulation
18,cash,12,6,162,synthetic_simulation
14,upi,13,3,96,synthetic_simulation
3,upi,17,2,94,synthetic_simulation
3,upi,13,4,81,synthetic_simulation
18,cash,19,5,152,synthetic_simulation
8,cash,11,4,100,synthetic_simulation
13,cash,10,0,138,synthetic_simulation
8,cash,11,1,97,synthetic_simulation
17,card,20,0,172,synthetic_simulation
16,upi,12,6,191,synthetic_simulation
24,upi,9,2,155,synthetic_simulation
52,upi,13,3,298,synthetic_simulation
6,card,17,6,79,synthetic_simulation
23,upi,13,6,133,synthetic_simulation
4,cash,13,1,113,synthetic_simulation
9,card,10,6,91,synthetic_simulation
14,upi,17,5,144,synthetic_simulation
14,cash,11,4,145,synthetic_simulation
13,card,10,1,91,synthetic_simulation
2,card,18,4,54,synthetic_simulation
7,upi,21,4,106,synthetic_simulation
9,upi,16,3,83,synthetic_simulation
16,upi,21,4,107,synthetic_simulation
21,upi,14,1,124,synthetic_simulation
26,card,15,4,172,synthetic_simulation
16,cash,13,1,177,synthetic_simulation
17,cash,15,2,153,synthetic_simulation
17,upi,20,3,141,synthetic_simulation
44,cash,17,1,315,synthetic_simulation
15,upi,9,6,145,synthetic_simulation
11,upi,16,6,106,synthetic_simulation
17,card,13,3,194,synthetic_simulation
12,cash,16,3,111,synthetic_simulation
13,cash,16,2,140,synthetic_simulation
8,cash,16,1,89,synthetic_simulation
10,upi,20,6,125,synthetic_simulation
8,upi,20,2,89,synthetic_simulation
8,upi,21,6,94,synthetic_simulation
41,card,16,0,291,synthetic_simulation
12,upi,12,0,130,synthetic_simulation
20,upi,11,3,147,synthetic_simulation
27,upi,20,5,178,synthetic_simulation
14,upi,20,2,126,synthetic_simulation
9,card,9,5,79,synthetic_simulation
17,upi,11,0,139,synthetic_simulation
25,upi,17,5,198,synthetic_simulation
6,card,11,3,73,synthetic_simulation
30,card,9,1,224,synthetic_simulation
19,upi,21,4,161,synthetic_simulation
12,upi,10,5,107,synthetic_simulation
16,cash,11,6,152,synthetic_simulation
8,card,21,0,76,synthetic_simulation
16,upi,10,4,114,synthetic_simulation
11,upi,19,2,88,synthetic_simulation
15,card,16,3,112,synthetic_simulation
13,upi,16,3,102,synthetic_simulation
9,upi,19,5,74,synthetic_simulation
8,cash,9,2,107,synthetic_simulation
9,upi,9,1,102,synthetic_simulation
10,upi,11,3,89,synthetic_simulation
12,card,15,4,57,synthetic_simulation
10,upi,21,5,90,synthetic_simulation
22,card,9,0,130,synthetic_simulation
6,upi,14,3,58,synthetic_simulation
22,upi,14,0,174,synthetic_simulation
9,upi,11,4,40,synthetic_simulation
17,cash,13,4,140,synthetic_simulation
15,card,11,5,141,synthetic_simulation
18,cash,10,1,133,synthetic_simulation
26,upi,15,5,159,synthetic_simulation
11,card,21,4,137,synthetic_simulation
19,upi,14,4,140,synthetic_simulation
12,card,17,4,137,synthetic_simulation
20,upi,17,3,161,synthetic_simulation
25,card,19,0,186,synthetic_simulation
15,upi,19,5,156,synthetic_simulation
8,upi,20,2,127,synthetic_simulation
7,card,19,0,65,synthetic_simulation
16,upi,21,4,118,synthetic_simulation
21,upi,21,6,148,synthetic_simulation
11,cash,18,4,117,synthetic_simulation
11,upi,15,1,112,synthetic_simulation
29,card,12,5,214,synthetic_simulation
12,cash,16,5,156,synthetic_simulation
23,card,19,2,194,synthetic_simulation
7,upi,18,3,113,synthetic_simulation
11,upi,15,5,78,synthetic_simulation
13,upi,9,1,89,synthetic_simulation
10,upi,12,2,90,synthetic_simulation
3,card,16,3,86,synthetic_simulation
16,cash,14,0,118,synthetic_simulation
8,upi,14,1,62,synthetic_simulation
33,upi,12,4,196,synthetic_simulation
9,card,9,1,141,synthetic_simulation
18,upi,15,1,126,synthetic_simulation
13,card,14,2,120,synthetic_simulation
11,upi,19,0,87,synthetic_simulation
19,upi,10,4,150,synthetic_simulation
25,card,15,1,138,synthetic_simulation
14,cash,20,4,122,synthetic_simulation
12,upi,12,5,106,synthetic_simulation
5,cash,13,3,99,synthetic_simulation
22,upi,10,6,140,synthetic_simulation
10,upi,16,1,116,synthetic_simulation
17,upi,20,6,152,synthetic_simulation
11,upi,15,2,81,synthetic_simulation
11,card,14,2,119,synthetic_simulation
6,upi,18,6,82,synthetic_simulation
13,upi,14,3,93,synthetic_simulation
17,upi,14,5,145,synthetic_simulation
14,cash,18,5,101,synthetic_simulation
3,cash,12,3,99,synthetic_simulation
12,upi,20,2,100,synthetic_simulation
15,upi,12,3,115,synthetic_simulation
5,cash,15,2,117,synthetic_simulation
13,upi,12,2,108,synthetic_simulation
8,card,17,1,117,synthetic_simulation
12,upi,14,6,110,synthetic_simulation
22,cash,12,4,186,synthetic_simulation
24,upi,18,5,173,synthetic_simulation
10,upi,21,4,84,synthetic_simulation
11,upi,9,2,121,synthetic_simulation
18,upi,16,2,145,synthetic_simulation
38,upi,18,6,237,synthetic_simulation
11,cash,18,0,106,synthetic_simulation
14,upi,11,2,98,synthetic_simulation
22,upi,10,5,171,synthetic_simulation
18,upi,15,3,149,synthetic_simulation
13,upi,17,4,128,synthetic_simulation
12,upi,12,0,84,synthetic_simulation
18,upi,13,1,156,synthetic_simulation
4,card,15,4,90,synthetic_simulation
9,cash,14,2,104,synthetic_simulation
8,upi,15,3,115,synthetic_simulation
22,card,17,6,151,synthetic_simulation
15,upi,21,4,126,synthetic_simulation
50,upi,19,4,281,synthetic_simulation
19,cash,9,1,169,synthetic_simulation
6,cash,13,4,111,synthetic_simulation
11,upi,9,6,132,synthetic_simulation
23,upi,20,4,176,synthetic_simulation
18,upi,17,5,141,synthetic_simulation
35,upi,11,6,209,synthetic_simulation
23,card,19,6,175,synthetic_simulation
12,upi,16,2,90,synthetic_simulation
11,cash,9,2,135,synthetic_simulation
7,card,10,1,104,synthetic_simulation
11,upi,19,5,87,synthetic_simulation
47,cash,12,2,302,synthetic_simulation
13,card,15,5,118,synthetic_simulation
18,upi,20,5,134,synthetic_simulation
21,upi,12,4,165,synthetic_simulation
5,cash,9,0,108,synthetic_simulation
8,cash,10,4,112,synthetic_simulation
11,upi,20,1,132,synthetic_simulation
35,card,16,3,206,synthetic_simulation
7,cash,13,1,106,synthetic_simulation
17,cash,10,0,127,synthetic_simulation
8,upi,18,4,98,synthetic_simulation
10,upi,9,3,95,synthetic_simulation
23,cash,10,4,187,synthetic_simulation
16,upi,16,3,142,synthetic_simulation
25,upi,17,2,189,synthetic_simulation
10,card,16,0,81,synthetic_simulation
9,upi,20,1,74,synthetic_simulation
24,card,12,6,194,synthetic_simulation
8,upi,16,5,112,synthetic_simulation
5,card,12,3,85,synthetic_simulation
7,upi,13,0,61,synthetic_simulation
26,cash,10,6,228,synthetic_simulation
9,upi,19,5,113,synthetic_simulation
11,upi,18,0,111,synthetic_simulation
18,cash,18,1,138,synthetic_simulation
11,card,10,1,101,synthetic_simulation
13,upi,10,6,122,synthetic_simulation
12,upi,19,6,128,synthetic_simulation
28,card,17,2,186,synthetic_simulation
4,cash,9,1,76,synthetic_simulation
9,upi,17,4,87,synthetic_simulation
13,cash,21,1,151,synthetic_simulation
4,upi,18,0,90,synthetic_simulation
15,card,12,1,125,synthetic_simulation
25,upi,13,1,155,synthetic_simulation
27,upi,18,0,191,synthetic_simulation
15,cash,14,4,122,synthetic_simulation
24,upi,18,2,164,synthetic_simulation
16,cash,21,3,115,synthetic_simulation
16,upi,14,3,100,synthetic_simulation
20,upi,16,5,147,synthetic_simulation
10,cash,15,5,107,synthetic_simulation
18,card,15,3,180,synthetic_simulation
16,upi,9,5,135,synthetic_simulation
8,card,21,3,65,synthetic_simulation
6,upi,16,0,42,synthetic_simulation
25,cash,11,6,193,synthetic_simulation
7,upi,16,5,73,synthetic_simulation
7,upi,14,2,98,synthetic_simulation
13,upi,19,2,123,synthetic_simulation
20,card,18,6,129,synthetic_simulation
8,cash,13,2,92,synthetic_simulation
7,cash,18,2,93,synthetic_simulation
17,upi,9,5,137,synthetic_simulation
6,upi,21,2,50,synthetic_simulation
16,upi,15,2,121,synthetic_simulation
25,cash,17,5,175,synthetic_simulation
11,upi,17,1,108,synthetic_simulation
14,card,13,0,136,synthetic_simulation
12,upi,17,2,139,synthetic_simulation
28,cash,14,1,199,synthetic_simulation
6,upi,17,2,69,synthetic_simulation
17,upi,10,0,150,synthetic_simulation
24,cash,10,4,171,synthetic_simulation
34,cash,21,3,238,synthetic_simulation
7,card,18,1,84,synthetic_simulation
36,card,10,4,225,synthetic_simulation
24,card,11,1,150,synthetic_simulation
23,upi,16,0,159,synthetic_simulation
22,upi,9,3,162,synthetic_simulation
23,card,14,1,151,synthetic_simulation
16,card,13,5,135,synthetic_simulation
8,upi,10,2,86,synthetic_simulation
15,upi,12,3,113,synthetic_simulation
22,card,12,2,141,synthetic_simulation
20,upi,9,3,144,synthetic_simulation
10,card,17,0,108,synthetic_simulation
10,card,12,6,114,synthetic_simulation
26,upi,9,1,177,synthetic_simulation
9,upi,9,2,96,synthetic_simulation
18,upi,21,5,131,synthetic_simulation
14,upi,10,2,88,synthetic_simulation
3,card,20,4,64,synthetic_simulation
13,card,11,0,121,synthetic_simulation
12,cash,10,2,118,synthetic_simulation
11,upi,16,5,90,synthetic_simulation
15,card,20,1,120,synthetic_simulation
18,upi,9,2,139,synthetic_simulation
17,cash,13,0,150,synthetic_simulation
17,upi,18,3,151,synthetic_simulation
39,upi,9,2,247,synthetic_simulation
25,upi,11,6,163,synthetic_simulation
8,upi,12,2,110,synthetic_simulation
12,cash,19,5,138,synthetic_simulation
7,upi,19,6,99,synthetic_simulation
7,upi,18,5,55,synthetic_simulation
37,card,17,5,231,synthetic_simulation
7,upi,9,4,58,synthetic_simulation
11,upi,12,3,102,synthetic_simulation
5,upi,20,0,81,synthetic_simulation
4,upi,18,0,76,synthetic_simulation
7,cash,12,2,110,synthetic_simulation
37,upi,18,4,223,synthetic_simulation
12,upi,18,0,125,synthetic_simulation
20,upi,18,6,191,synthetic_simulation
4,cash,21,6,76,synthetic_simulation
23,cash,16,0,158,synthetic_simulation
21,upi,9,0,131,synthetic_simulation
13,card,19,5,132,synthetic_simulation
11,upi,9,1,84,synthetic_simulation
15,upi,17,1,96,synthetic_simulation
28,cash,19,1,182,synthetic_simulation
38,cash,10,4,262,synthetic_simulation
16,upi,19,0,155,synthetic_simulation
28,cash,19,1,237,synthetic_simulation
14,card,17,2,134,synthetic_simulation
34,card,13,4,210,synthetic_simulation
13,card,11,6,109,synthetic_simulation
15,upi,18,1,101,synthetic_simulation
32,cash,11,1,186,synthetic_simulation
6,upi,17,3,88,synthetic_simulation
15,upi,11,2,123,synthetic_simulation
13,upi,13,4,153,synthetic_simulation
17,cash,15,1,139,synthetic_simulation
10,upi,11,4,65,synthetic_simulation
23,upi,19,6,171,synthetic_simulation
19,card,18,4,149,synthetic_simulation
10,upi,9,5,86,synthetic_simulation
27,upi,20,0,192,synthetic_simulation
14,upi,18,6,107,synthetic_simulation
17,card,19,4,147,synthetic_simulation
9,upi,16,4,96,synthetic_simulation
12,upi,17,1,138,synthetic_simulation
14,upi,13,3,128,synthetic_simulation
36,cash,11,4,252,synthetic_simulation
7,card,12,4,87,synthetic_simulation
10,upi,13,0,98,synthetic_simulation
18,cash,12,0,183,synthetic_simulation
4,cash,18,3,66,synthetic_simulation
9,card,15,5,90,synthetic_simulation
22,upi,14,2,168,synthetic_simulation
15,upi,18,4,124,synthetic_simulation
7,card,18,6,96,synthetic_simulation
34,upi,21,6,208,synthetic_simulation
13,upi,13,4,120,synthetic_simulation
3,upi,12,5,94,synthetic_simulation
24,upi,9,0,174,synthetic_simulation
15,card,11,0,121,synthetic_simulation
14,upi,16,4,128,synthetic_simulation
14,card,19,5,142,synthetic_simulation
16,card,16,1,141,synthetic_simulation
39,upi,21,4,213,synthetic_simulation
30,upi,17,2,232,synthetic_simulation
35,upi,20,0,229,synthetic_simulation
19,upi,12,2,98,synthetic_simulation
9,card,13,3,135,synthetic_simulation
20,card,19,5,165,synthetic_simulation
11,cash,17,6,124,synthetic_simulation
36,cash,15,6,228,synthetic_simulation
5,upi,21,0,72,synthetic_simulation
27,card,18,6,183,synthetic_simulation
16,upi,12,3,122,synthetic_simulation
14,upi,16,1,99,synthetic_simulation
26,upi,14,4,162,synthetic_simulation
13,upi,14,0,94,synthetic_simulation
26,card,19,3,204,synthetic_simulation
27,card,17,5,204,synthetic_simulation
17,upi,9,6,136,synthetic_simulation
6,upi,16,2,80,synthetic_simulation
20,card,17,1,157,synthetic_simulation
20,card,15,4,127,synthetic_simulation
15,upi,12,1,160,synthetic_simulation
37,upi,17,6,258,synthetic_simulation
31,upi,21,2,221,synthetic_simulation
31,card,10,1,218,synthetic_simulation
12,card,16,1,98,synthetic_simulation
28,upi,20,2,149,synthetic_simulation
24,upi,14,5,141,synthetic_simulation
7,upi,13,6,106,synthetic_simulation
11,card,12,5,119,synthetic_simulation
11,upi,11,4,86,synthetic_simulation
24,card,14,1,120,synthetic_simulation
19,cash,19,6,170,synthetic_simulation
12,upi,11,6,85,synthetic_simulation
11,upi,12,4,95,synthetic_simulation
2,upi,21,5,71,synthetic_simulation
9,upi,21,2,66,synthetic_simulation
25,cash,11,3,163,synthetic_simulation
54,cash,14,5,331,synthetic_simulation
33,upi,14,2,217,synthetic_simulation
30,cash,12,5,217,synthetic_simulation
8,upi,10,6,112,synthetic_simulation
25,upi,9,6,145,synthetic_simulation
15,card,16,2,94,synthetic_simulation
9,upi,9,3,56,synthetic_simulation
21,upi,17,2,127,synthetic_simulation
14,card,10,3,122,synthetic_simulation
21,upi,11,5,131,synthetic_simulation
12,cash,9,2,90,synthetic_simulation
11,upi,14,1,101,synthetic_simulation
3,upi,13,1,84,synthetic_simulation
10,cash,13,5,145,synthetic_simulation
19,upi,13,6,169,synthetic_simulation
19,upi,21,0,117,synthetic_simulation
23,upi,14,6,164,synthetic_simulation
18,upi,19,0,151,synthetic_simulation
11,upi,12,3,99,synthetic_simulation
43,upi,15,0,254,synthetic_simulation
22,upi,9,6,131,synthetic_simulation
13,upi,12,5,112,synthetic_simulation
13,cash,9,2,127,synthetic_simulation
19,cash,9,4,177,synthetic_simulation
10,upi,11,5,116,synthetic_simulation
19,cash,11,1,162,synthetic_simulation
26,cash,13,4,200,synthetic_simulation
18,cash,18,2,158,synthetic_simulation
19,card,10,5,120,synthetic_simulation
8,upi,16,3,64,synthetic_simulation
4,upi,13,5,65,synthetic_simulation
26,cash,14,4,195,synthetic_simulation
19,upi,20,4,164,synthetic_simulation
32,cash,15,0,227,synthetic_simulation
17,card,12,5,172,synthetic_simulation
17,upi,12,1,139,synthetic_simulation
9,upi,11,2,66,synthetic_simulation
13,cash,19,3,134,synthetic_simulation
17,upi,17,5,130,synthetic_simulation
13,card,12,4,137,synthetic_simulation
24,cash,15,1,168,synthetic_simulation
31,upi,15,2,190,synthetic_simulation
19,upi,9,1,146,synthetic_simulation
16,upi,20,4,119,synthetic_simulation
8,cash,19,5,134,synthetic_simulation
16,upi,15,4,94,synthetic_simulation
14,upi,18,5,134,synthetic_simulation
24,upi,10,4,156,synthetic_simulation
9,upi,21,6,105,synthetic_simulation
20,upi,17,6,133,synthetic_simulation
16,upi,21,1,91,synthetic_simulation
11,cash,20,2,138,synthetic_simulation
10,upi,16,0,82,synthetic_simulation
13,cash,12,1,133,synthetic_simulation
14,cash,17,3,128,synthetic_simulation
3,card,15,4,78,synthetic_simulation
11,card,14,6,112,synthetic_simulation
11,upi,18,4,112,synthetic_simulation
13,upi,20,6,103,synthetic_simulation
40,upi,11,3,245,synthetic_simulation
16,upi,16,6,107,synthetic_simulation
10,card,19,5,104,synthetic_simulation
24,upi,13,3,147,synthetic_simulation
14,upi,13,6,126,synthetic_simulation
14,card,9,6,141,synthetic_simulation
17,upi,13,2,141,synthetic_simulation
26,upi,16,1,159,synthetic_simulation
14,upi,21,0,111,synthetic_simulation
18,upi,15,6,136,synthetic_simulation
36,upi,12,3,232,synthetic_simulation
6,upi,19,3,87,synthetic_simulation
8,upi,11,1,60,synthetic_simulation
38,card,11,2,235,synthetic_simulation
41,cash,15,2,226,synthetic_simulation
7,card,19,4,106,synthetic_simulation
18,upi,11,1,108,synthetic_simulation
33,card,9,5,236,synthetic_simulation
13,cash,18,2,91,synthetic_simulation
26,cash,16,1,215,synthetic_simulation
7,upi,17,0,59,synthetic_simulation
7,upi,14,0,53,synthetic_simulation
8,upi,10,1,85,synthetic_simulation
19,card,13,5,171,synthetic_simulation
10,upi,15,5,90,synthetic_simulation
22,cash,14,6,187,synthetic_simulation
44,upi,20,2,255,synthetic_simulation
17,card,11,4,123,synthetic_simulation
10,upi,13,1,98,synthetic_simulation
23,upi,11,0,143,synthetic_simulation
16,upi,16,3,84,synthetic_simulation
12,card,19,4,119,synthetic_simulation
29,upi,20,5,200,synthetic_simulation
10,upi,11,0,108,synthetic_simulation
15,card,14,5,103,synthetic_simulation
19,cash,18,2,153,synthetic_simulation
17,card,9,1,152,synthetic_simulation
25,card,18,0,189,synthetic_simulation
11,upi,10,1,104,synthetic_simulation
21,cash,9,3,168,synthetic_simulation
14,upi,10,1,117,synthetic_simulation
7,cash,20,2,138,synthetic_simulation
13,card,17,3,126,synthetic_simulation
16,upi,19,0,114,synthetic_simulation
7,upi,17,6,106,synthetic_simulation
29,card,19,2,193,synthetic_simulation
